best_date,date_source,candidate,support_oppose,side,committee,amount,description,payee,expenditure_date,dissemination_date,filed_date,form,source,file_number,pdf_url,committee_id,candidate_id,also_listed_as,duplicate_of,first_seen,fingerprint
2026-09-09,disseminated,Gabe Evans,Support,Unfriendly,AMERICA PAC,21320.00,MESSAGE PHONE CALLS,"CONNECTION STRATEGY LLC,",2026-09-10,2026-09-09,2026-09-10,F24,efile,2011470,https://docquery.fec.gov/cgi-bin/fecimg/?202609109904190232,C00879510,H4CO08034,,,2026-09-11T05:48:43+00:00,C00879510|H4CO08034|S|21320|2026-09-09|MESSAGEPHONECALLS
2026-09-08,disseminated,Gabe Evans,Support,Unfriendly,"NRA VICTORY FUND, INC.",50.00,CREATIVE DESIGN SERVICES,DERIVE TECHNOLOGIES LLC,2026-09-08,2026-09-08,2026-09-10,F24,processed,2011383,https://docquery.fec.gov/cgi-bin/fecimg/?202609109904188914,C00741710,H4CO08034,,,2026-09-10T19:09:35+00:00,C00741710|H4CO08034|S|50|2026-09-08|CREATIVEDESIGNSERVICES
2026-09-08,disseminated,Gabe Evans,Support,Unfriendly,"NRA VICTORY FUND, INC.",141.12,PRINTING / POSTAGE,FOUR STAR PRINTING,2026-09-08,2026-09-08,2026-09-10,F24,processed,2011383,https://docquery.fec.gov/cgi-bin/fecimg/?202609109904188914,C00741710,H4CO08034,,,2026-09-10T19:09:35+00:00,C00741710|H4CO08034|S|141|2026-09-08|PRINTINGPOSTAGE
2026-09-08,disseminated,Gabe Evans,Support,Unfriendly,"NRA VICTORY FUND, INC.",340.64,IN KIND OFFSET: PAPER / STAFF TIME / BUS RENTAL,NATIONAL RIFLE ASSOCIATION OF AMERICA INSTITUTE FOR LEGISLATIVE ACTION,2026-09-08,2026-09-08,2026-09-10,F24,processed,2011383,https://docquery.fec.gov/cgi-bin/fecimg/?202609109904188915,C00741710,H4CO08034,,,2026-09-10T19:09:35+00:00,C00741710|H4CO08034|S|340|2026-09-08|INKINDOFFSETPAPERSTAFFTI
2026-09-08,disseminated,Gabe Evans,Oppose,Friendly,HMP,4554.00,Media Production - Estimate,"Solidarity Strategies LLC,",,2026-09-08,2026-09-10,F24,efile,2011464,https://docquery.fec.gov/cgi-bin/fecimg/?202609109904190172,C00495028,H4CO08034,,,2026-09-11T01:00:00+00:00,C00495028|H4CO08034|O|4554|2026-09-08|MEDIAPRODUCTION
2026-09-08,disseminated,Gabe Evans,Oppose,Friendly,HMP,9695.00,Media Production - Estimate,"GPS Impact,",,2026-09-08,2026-09-10,F24,efile,2011464,https://docquery.fec.gov/cgi-bin/fecimg/?202609109904190162,C00495028,H4CO08034,,,2026-09-11T01:00:00+00:00,C00495028|H4CO08034|O|9695|2026-09-08|MEDIAPRODUCTION
2026-09-08,disseminated,Gabe Evans,Oppose,Friendly,HMP,15000.00,Media Production - Estimate,"Solidarity Strategies LLC,",,2026-09-08,2026-09-10,F24,efile,2011464,https://docquery.fec.gov/cgi-bin/fecimg/?202609109904190170,C00495028,H4CO08034,,,2026-09-11T01:00:00+00:00,C00495028|H4CO08034|O|15000|2026-09-08|MEDIAPRODUCTION
2026-09-08,disseminated,Gabe Evans,Oppose,Friendly,HMP,21600.00,Radio Advertising - Estimate,"Waterfront Strategies Inc.,",,2026-09-08,2026-09-10,F24,efile,2011464,https://docquery.fec.gov/cgi-bin/fecimg/?202609109904190182,C00495028,H4CO08034,,,2026-09-11T01:00:00+00:00,C00495028|H4CO08034|O|21600|2026-09-08|RADIOADVERTISING
2026-09-08,disseminated,Gabe Evans,Oppose,Friendly,HMP,51863.00,Media Production - Estimate,"GPS Impact,",,2026-09-08,2026-09-10,F24,efile,2011464,https://docquery.fec.gov/cgi-bin/fecimg/?202609109904190162,C00495028,H4CO08034,,,2026-09-11T01:00:00+00:00,C00495028|H4CO08034|O|51863|2026-09-08|MEDIAPRODUCTION
2026-09-08,disseminated,Manny Rutinel,Oppose,Unfriendly,NO GOING BACK PAC INC.,54060.00,DIRECT MAIL: PRINTING AND POSTAGE,PT STRATEGY LLC,2026-09-08,2026-09-08,2026-09-10,F24,processed,2011444,https://docquery.fec.gov/cgi-bin/fecimg/?202609109904189828,C00960435,H6CO08013,,,2026-09-10T21:40:05+00:00,C00960435|H6CO08013|O|54060|2026-09-08|DIRECTMAILPRINTINGANDPOS
2026-09-08,disseminated,Gabe Evans,Oppose,Friendly,HMP,648432.00,Television Advertising - Estimate,"Waterfront Strategies Inc.,",,2026-09-08,2026-09-10,F24,efile,2011464,https://docquery.fec.gov/cgi-bin/fecimg/?202609109904190181,C00495028,H4CO08034,,,2026-09-11T01:00:00+00:00,C00495028|H4CO08034|O|648432|2026-09-08|TELEVISIONADVERTISING
2026-09-05,disseminated,Gabe Evans,Support,Unfriendly,AMERICA FIRST AGRICULTURE ACTION INC.,3500.00,PRODUCTION COSTS: DIGITAL AD,STRATEGIC MEDIA PLACEMENT INC.,2026-09-04,2026-09-05,2026-09-06,F24,processed,2010937,https://docquery.fec.gov/cgi-bin/fecimg/?202609069904104019,C00906701,H4CO08034,,,2026-09-07T21:55:06+00:00,C00906701|H4CO08034|S|3500|2026-09-05|PRODUCTIONCOSTSDIGITALAD
2026-09-05,disseminated,Gabe Evans,Support,Unfriendly,AMERICA FIRST AGRICULTURE ACTION INC.,127350.24,DIGITAL ADVERTISING,STRATEGIC MEDIA PLACEMENT INC.,2026-09-04,2026-09-05,2026-09-06,F24,processed,2010937,https://docquery.fec.gov/cgi-bin/fecimg/?202609069904104019,C00906701,H4CO08034,,,2026-09-07T21:55:06+00:00,C00906701|H4CO08034|S|127350|2026-09-05|DIGITALADVERTISING
2026-09-04,disseminated,Gabe Evans,Support,Unfriendly,"AMERICANS FOR PROSPERITY ACTION, INC. (AFP ACTION) DBA CVA ACTION AND DBA LIBRE ACTION",5524.47,MAILER PRODUCTION,FCG MAIL LLC,2026-09-04,2026-09-04,2026-09-05,F24,processed,2010914,https://docquery.fec.gov/cgi-bin/fecimg/?202609059904103883,C00687103,H4CO08034,,,2026-09-07T21:55:06+00:00,C00687103|H4CO08034|S|5524|2026-09-04|MAILERPRODUCTION
2026-09-04,disseminated,Manny Rutinel,Oppose,Unfriendly,"AMERICANS FOR PROSPERITY ACTION, INC. (AFP ACTION) DBA CVA ACTION AND DBA LIBRE ACTION",5524.48,MAILER PRODUCTION,FCG MAIL LLC,2026-09-04,2026-09-04,2026-09-05,F24,processed,2010914,https://docquery.fec.gov/cgi-bin/fecimg/?202609059904103883,C00687103,H6CO08013,,,2026-09-07T21:55:06+00:00,C00687103|H6CO08013|O|5524|2026-09-04|MAILERPRODUCTION
2026-09-04,disseminated,Manny Rutinel,Oppose,Unfriendly,"AMERICANS FOR PROSPERITY ACTION, INC. (AFP ACTION) DBA CVA ACTION AND DBA LIBRE ACTION",13340.66,MAILER POSTAGE,UNITED STATES POSTAL SERVICE,2026-09-04,2026-09-04,2026-09-05,F24,processed,2010914,https://docquery.fec.gov/cgi-bin/fecimg/?202609059904103886,C00687103,H6CO08013,,C00687103|H4CO08034|S|13340|2026-09-04|MAILERPOSTAGE,2026-09-07T21:55:06+00:00,C00687103|H6CO08013|O|13340|2026-09-04|MAILERPOSTAGE
2026-09-04,disseminated,Gabe Evans,Support,Unfriendly,"AMERICANS FOR PROSPERITY ACTION, INC. (AFP ACTION) DBA CVA ACTION AND DBA LIBRE ACTION",13340.66,MAILER POSTAGE,UNITED STATES POSTAL SERVICE,2026-09-04,2026-09-04,2026-09-05,F24,processed,2010914,https://docquery.fec.gov/cgi-bin/fecimg/?202609059904103886,C00687103,H4CO08034,Oppose Manny Rutinel,,2026-09-07T21:55:06+00:00,C00687103|H4CO08034|S|13340|2026-09-04|MAILERPOSTAGE
2026-09-03,disseminated,Gabe Evans,Support,Unfriendly,"CLEARPATH ACTION FUND, INC.",24435.00,PRINTING / POSTAGE,MAJORITY STRATEGIES LLC,2026-09-04,2026-09-03,2026-09-05,F24,processed,2010922,https://docquery.fec.gov/cgi-bin/fecimg/?202609059904103931,C00608943,H4CO08034,,,2026-09-07T21:55:06+00:00,C00608943|H4CO08034|S|24435|2026-09-03|PRINTINGPOSTAGE
2026-09-03,disseminated,Gabe Evans,Support,Unfriendly,AMERICA PAC,12220.20,PRINTING,CALIBER CONTACT,2026-09-03,2026-09-03,2026-09-04,F24,processed,2010887,https://docquery.fec.gov/cgi-bin/fecimg/?202609049904103643,C00879510,H4CO08034,,,2026-09-07T21:55:06+00:00,C00879510|H4CO08034|S|12220|2026-09-03|PRINTING
2026-09-01,disseminated,Gabe Evans,Oppose,Friendly,HMP,3500.00,MEDIA PRODUCTION - ESTIMATE,SOLIDARITY STRATEGIES LLC,2026-09-01,2026-09-01,2026-09-03,F24,processed,2010758,https://docquery.fec.gov/cgi-bin/fecimg/?202609039904087362,C00495028,H4CO08034,,,2026-09-07T21:55:06+00:00,C00495028|H4CO08034|O|3500|2026-09-01|MEDIAPRODUCTION
2026-09-01,disseminated,Gabe Evans,Oppose,Friendly,HMP,21600.00,RADIO ADVERTISING - ESTIMATE,WATERFRONT STRATEGIES INC.,2026-09-01,2026-09-01,2026-09-03,F24,processed,2010758,https://docquery.fec.gov/cgi-bin/fecimg/?202609039904087364,C00495028,H4CO08034,,,2026-09-07T21:55:06+00:00,C00495028|H4CO08034|O|21600|2026-09-01|RADIOADVERTISING
2026-09-01,disseminated,Manny Rutinel,Support,Friendly,MAINSTREAM COLORADO FUND,24784.50,CANVASSING,GRASSROOTS VOTER OUTREACH,2026-09-01,2026-09-01,2026-09-03,F24,processed,2010665,https://docquery.fec.gov/cgi-bin/fecimg/?202609039904082860,C00885707,H6CO08013,Oppose Gabe Evans,,2026-09-07T21:55:06+00:00,C00885707|H6CO08013|S|24784|2026-09-01|CANVASSING
2026-09-01,disseminated,Gabe Evans,Oppose,Friendly,MAINSTREAM COLORADO FUND,24784.50,CANVASSING,GRASSROOTS VOTER OUTREACH,2026-09-01,2026-09-01,2026-09-03,F24,processed,2010665,https://docquery.fec.gov/cgi-bin/fecimg/?202609039904082860,C00885707,H4CO08034,,C00885707|H6CO08013|S|24784|2026-09-01|CANVASSING,2026-09-07T21:55:06+00:00,C00885707|H4CO08034|O|24784|2026-09-01|CANVASSING
2026-08-28,disseminated,Gabe Evans,Support,Unfriendly,"AMERICANS FOR PROSPERITY ACTION, INC. (AFP ACTION) DBA CVA ACTION AND DBA LIBRE ACTION",-82000.00,MEDIA PLACEMENT,IN PURSUIT OF LLC,2026-08-28,2026-08-28,2026-08-30,F24,processed,2010185,https://docquery.fec.gov/cgi-bin/fecimg/?202608309904048946,C00687103,H4CO08034,,,2026-09-07T21:55:06+00:00,C00687103|H4CO08034|S|-82000|2026-08-28|MEDIAPLACEMENT
2026-08-28,disseminated,Manny Rutinel,Oppose,Unfriendly,"AMERICANS FOR PROSPERITY ACTION, INC. (AFP ACTION) DBA CVA ACTION AND DBA LIBRE ACTION",1000.00,MEDIA PRODUCTION,TARGETED VICTORY LLC,2026-08-28,2026-08-28,2026-08-30,F24,processed,2010185,https://docquery.fec.gov/cgi-bin/fecimg/?202608309904048949,C00687103,H6CO08013,,C00687103|H4CO08034|S|1000|2026-08-28|MEDIAPRODUCTION,2026-09-07T21:55:06+00:00,C00687103|H6CO08013|O|1000|2026-08-28|MEDIAPRODUCTION
2026-08-28,disseminated,Gabe Evans,Support,Unfriendly,"AMERICANS FOR PROSPERITY ACTION, INC. (AFP ACTION) DBA CVA ACTION AND DBA LIBRE ACTION",1000.00,MEDIA PRODUCTION,TARGETED VICTORY LLC,2026-08-28,2026-08-28,2026-08-30,F24,processed,2010185,https://docquery.fec.gov/cgi-bin/fecimg/?202608309904048948,C00687103,H4CO08034,Oppose Manny Rutinel,,2026-09-07T21:55:06+00:00,C00687103|H4CO08034|S|1000|2026-08-28|MEDIAPRODUCTION
2026-08-28,disseminated,Manny Rutinel,Support,Friendly,MAINSTREAM COLORADO FUND,1944.64,PRINTING-WALK CARD,GDA WINS,2026-08-28,2026-08-28,2026-08-30,F24,processed,2010206,https://docquery.fec.gov/cgi-bin/fecimg/?202608309904049393,C00885707,H6CO08013,Oppose Gabe Evans,,2026-09-07T21:55:06+00:00,C00885707|H6CO08013|S|1944|2026-08-28|PRINTINGWALKCARD
2026-08-28,disseminated,Gabe Evans,Oppose,Friendly,MAINSTREAM COLORADO FUND,1944.64,PRINTING-WALK CARD,GDA WINS,2026-08-28,2026-08-28,2026-08-30,F24,processed,2010206,https://docquery.fec.gov/cgi-bin/fecimg/?202608309904049393,C00885707,H4CO08034,,C00885707|H6CO08013|S|1944|2026-08-28|PRINTINGWALKCARD,2026-09-07T21:55:06+00:00,C00885707|H4CO08034|O|1944|2026-08-28|PRINTINGWALKCARD
2026-08-28,disseminated,Manny Rutinel,Oppose,Unfriendly,"AMERICANS FOR PROSPERITY ACTION, INC. (AFP ACTION) DBA CVA ACTION AND DBA LIBRE ACTION",2993.75,MEDIA PRODUCTION,TARGETED VICTORY LLC,2026-08-28,2026-08-28,2026-08-30,F24,processed,2010185,https://docquery.fec.gov/cgi-bin/fecimg/?202608309904048950,C00687103,H6CO08013,,C00687103|H4CO08034|S|2993|2026-08-28|MEDIAPRODUCTION,2026-09-07T21:55:06+00:00,C00687103|H6CO08013|O|2993|2026-08-28|MEDIAPRODUCTION
2026-08-28,disseminated,Gabe Evans,Support,Unfriendly,"AMERICANS FOR PROSPERITY ACTION, INC. (AFP ACTION) DBA CVA ACTION AND DBA LIBRE ACTION",2993.75,MEDIA PRODUCTION,TARGETED VICTORY LLC,2026-08-28,2026-08-28,2026-08-30,F24,processed,2010185,https://docquery.fec.gov/cgi-bin/fecimg/?202608309904048949,C00687103,H4CO08034,Oppose Manny Rutinel,,2026-09-07T21:55:06+00:00,C00687103|H4CO08034|S|2993|2026-08-28|MEDIAPRODUCTION
2026-08-28,disseminated,Gabe Evans,Support,Unfriendly,"AMERICANS FOR PROSPERITY ACTION, INC. (AFP ACTION) DBA CVA ACTION AND DBA LIBRE ACTION",5524.47,MAILER PRODUCTION,FCG MAIL LLC,2026-08-28,2026-08-28,2026-08-30,F24,processed,2010185,https://docquery.fec.gov/cgi-bin/fecimg/?202608309904048945,C00687103,H4CO08034,,,2026-09-07T21:55:06+00:00,C00687103|H4CO08034|S|5524|2026-08-28|MAILERPRODUCTION
2026-08-28,disseminated,Manny Rutinel,Oppose,Unfriendly,"AMERICANS FOR PROSPERITY ACTION, INC. (AFP ACTION) DBA CVA ACTION AND DBA LIBRE ACTION",5524.48,MAILER PRODUCTION,FCG MAIL LLC,2026-08-28,2026-08-28,2026-08-30,F24,processed,2010185,https://docquery.fec.gov/cgi-bin/fecimg/?202608309904048945,C00687103,H6CO08013,,,2026-09-07T21:55:06+00:00,C00687103|H6CO08013|O|5524|2026-08-28|MAILERPRODUCTION
2026-08-28,disseminated,Manny Rutinel,Oppose,Unfriendly,"AMERICANS FOR PROSPERITY ACTION, INC. (AFP ACTION) DBA CVA ACTION AND DBA LIBRE ACTION",13328.86,MAILER POSTAGE,UNITED STATES POSTAL SERVICE,2026-08-28,2026-08-28,2026-08-30,F24,processed,2010185,https://docquery.fec.gov/cgi-bin/fecimg/?202608309904048951,C00687103,H6CO08013,,C00687103|H4CO08034|S|13328|2026-08-28|MAILERPOSTAGE,2026-09-07T21:55:06+00:00,C00687103|H6CO08013|O|13328|2026-08-28|MAILERPOSTAGE
2026-08-28,disseminated,Gabe Evans,Support,Unfriendly,"AMERICANS FOR PROSPERITY ACTION, INC. (AFP ACTION) DBA CVA ACTION AND DBA LIBRE ACTION",13328.86,MAILER POSTAGE,UNITED STATES POSTAL SERVICE,2026-08-28,2026-08-28,2026-08-30,F24,processed,2010185,https://docquery.fec.gov/cgi-bin/fecimg/?202608309904048951,C00687103,H4CO08034,Oppose Manny Rutinel,,2026-09-07T21:55:06+00:00,C00687103|H4CO08034|S|13328|2026-08-28|MAILERPOSTAGE
2026-08-28,disseminated,Manny Rutinel,Oppose,Unfriendly,"AMERICANS FOR PROSPERITY ACTION, INC. (AFP ACTION) DBA CVA ACTION AND DBA LIBRE ACTION",82000.00,MEDIA PLACEMENT,IN PURSUIT OF LLC,2026-08-28,2026-08-28,2026-08-30,F24,processed,2010185,https://docquery.fec.gov/cgi-bin/fecimg/?202608309904048946,C00687103,H6CO08013,,,2026-09-07T21:55:06+00:00,C00687103|H6CO08013|O|82000|2026-08-28|MEDIAPLACEMENT
2026-08-27,disseminated,Manny Rutinel,Oppose,Unfriendly,PROTECT AND SERVE PAC,25000.00,PRODUCTION COSTS: TV & DIGITAL AD,THE HEREFORD AGENCY,2026-08-26,2026-08-27,2026-08-28,F24,processed,2010045,https://docquery.fec.gov/cgi-bin/fecimg/?202608289903428801,C00716704,H6CO08013,,C00716704|H4CO08034|S|25000|2026-08-27|PRODUCTIONCOSTSTVDIGITAL,2026-09-07T21:55:06+00:00,C00716704|H6CO08013|O|25000|2026-08-27|PRODUCTIONCOSTSTVDIGITAL
2026-08-27,disseminated,Gabe Evans,Support,Unfriendly,PROTECT AND SERVE PAC,25000.00,PRODUCTION COSTS: TV & DIGITAL AD,THE HEREFORD AGENCY,2026-08-26,2026-08-27,2026-08-28,F24,processed,2010045,https://docquery.fec.gov/cgi-bin/fecimg/?202608289903428801,C00716704,H4CO08034,Oppose Manny Rutinel,,2026-09-07T21:55:06+00:00,C00716704|H4CO08034|S|25000|2026-08-27|PRODUCTIONCOSTSTVDIGITAL
2026-08-27,disseminated,Manny Rutinel,Oppose,Unfriendly,PROTECT AND SERVE PAC,50027.50,PLACED MEDIA: CONNECTED TV,POWERS INTERACTIVE DIGITAL LLC,2026-08-26,2026-08-27,2026-08-28,F24,processed,2010045,https://docquery.fec.gov/cgi-bin/fecimg/?202608289903428800,C00716704,H6CO08013,,C00716704|H4CO08034|S|50027|2026-08-27|PLACEDMEDIACONNECTEDTV,2026-09-07T21:55:06+00:00,C00716704|H6CO08013|O|50027|2026-08-27|PLACEDMEDIACONNECTEDTV
2026-08-27,disseminated,Gabe Evans,Support,Unfriendly,PROTECT AND SERVE PAC,50027.50,PLACED MEDIA: CONNECTED TV,POWERS INTERACTIVE DIGITAL LLC,2026-08-26,2026-08-27,2026-08-28,F24,processed,2010045,https://docquery.fec.gov/cgi-bin/fecimg/?202608289903428800,C00716704,H4CO08034,Oppose Manny Rutinel,,2026-09-07T21:55:06+00:00,C00716704|H4CO08034|S|50027|2026-08-27|PLACEDMEDIACONNECTEDTV
2026-08-27,disseminated,Manny Rutinel,Oppose,Unfriendly,PROTECT AND SERVE PAC,67472.50,DIGITAL ADVERTISING,POWERS INTERACTIVE DIGITAL LLC,2026-08-26,2026-08-27,2026-08-28,F24,processed,2010045,https://docquery.fec.gov/cgi-bin/fecimg/?202608289903428799,C00716704,H6CO08013,,C00716704|H4CO08034|S|67472|2026-08-27|DIGITALADVERTISING,2026-09-07T21:55:06+00:00,C00716704|H6CO08013|O|67472|2026-08-27|DIGITALADVERTISING
2026-08-27,disseminated,Gabe Evans,Support,Unfriendly,PROTECT AND SERVE PAC,67472.50,DIGITAL ADVERTISING,POWERS INTERACTIVE DIGITAL LLC,2026-08-26,2026-08-27,2026-08-28,F24,processed,2010045,https://docquery.fec.gov/cgi-bin/fecimg/?202608289903428799,C00716704,H4CO08034,Oppose Manny Rutinel,,2026-09-07T21:55:06+00:00,C00716704|H4CO08034|S|67472|2026-08-27|DIGITALADVERTISING
2026-08-27,disseminated,Manny Rutinel,Oppose,Unfriendly,PROTECT AND SERVE PAC,82500.00,PLACED MEDIA: TV,POLITICAL COMMUNICATIONS ADVERTISING,2026-08-26,2026-08-27,2026-08-28,F24,processed,2010045,https://docquery.fec.gov/cgi-bin/fecimg/?202608289903428798,C00716704,H6CO08013,,C00716704|H4CO08034|S|82500|2026-08-27|PLACEDMEDIATV,2026-09-07T21:55:06+00:00,C00716704|H6CO08013|O|82500|2026-08-27|PLACEDMEDIATV
2026-08-27,disseminated,Gabe Evans,Support,Unfriendly,PROTECT AND SERVE PAC,82500.00,PLACED MEDIA: TV,POLITICAL COMMUNICATIONS ADVERTISING,2026-08-26,2026-08-27,2026-08-28,F24,processed,2010045,https://docquery.fec.gov/cgi-bin/fecimg/?202608289903428798,C00716704,H4CO08034,Oppose Manny Rutinel,,2026-09-07T21:55:06+00:00,C00716704|H4CO08034|S|82500|2026-08-27|PLACEDMEDIATV
2026-08-23,disseminated,Manny Rutinel,Support,Friendly,MAINSTREAM COLORADO FUND,21440.00,CANVASSING,GRASSROOTS VOTER OUTREACH,2026-08-25,2026-08-23,2026-08-27,F24,processed,2009994,https://docquery.fec.gov/cgi-bin/fecimg/?202608279903415718,C00885707,H6CO08013,Oppose Gabe Evans,,2026-09-07T21:55:06+00:00,C00885707|H6CO08013|S|21440|2026-08-23|CANVASSING
2026-08-23,disseminated,Gabe Evans,Oppose,Friendly,MAINSTREAM COLORADO FUND,21440.00,CANVASSING,GRASSROOTS VOTER OUTREACH,2026-08-25,2026-08-23,2026-08-27,F24,processed,2009994,https://docquery.fec.gov/cgi-bin/fecimg/?202608279903415718,C00885707,H4CO08034,,C00885707|H6CO08013|S|21440|2026-08-23|CANVASSING,2026-09-07T21:55:06+00:00,C00885707|H4CO08034|O|21440|2026-08-23|CANVASSING
2026-08-22,disseminated,Manny Rutinel,Support,Friendly,MAINSTREAM COLORADO FUND,1995.19,PRINTING-WALK CARD,GDA WINS,2026-08-22,2026-08-22,2026-08-27,F24,processed,2009994,https://docquery.fec.gov/cgi-bin/fecimg/?202608279903415716,C00885707,H6CO08013,Oppose Gabe Evans,,2026-09-07T21:55:06+00:00,C00885707|H6CO08013|S|1995|2026-08-22|PRINTINGWALKCARD
2026-08-22,disseminated,Gabe Evans,Oppose,Friendly,MAINSTREAM COLORADO FUND,1995.19,PRINTING-WALK CARD,GDA WINS,2026-08-22,2026-08-22,2026-08-27,F24,processed,2009994,https://docquery.fec.gov/cgi-bin/fecimg/?202608279903415716,C00885707,H4CO08034,,C00885707|H6CO08013|S|1995|2026-08-22|PRINTINGWALKCARD,2026-09-07T21:55:06+00:00,C00885707|H4CO08034|O|1995|2026-08-22|PRINTINGWALKCARD
2026-08-21,disseminated,Gabe Evans,Support,Unfriendly,"AMERICANS FOR PROSPERITY ACTION, INC. (AFP ACTION) DBA CVA ACTION AND DBA LIBRE ACTION",11049.95,MAILER PRODUCTION,FCG MAIL LLC,2026-08-21,2026-08-21,2026-08-22,F24,processed,2009438,https://docquery.fec.gov/cgi-bin/fecimg/?202608229903382197,C00687103,H4CO08034,,,2026-09-07T21:55:06+00:00,C00687103|H4CO08034|S|11049|2026-08-21|MAILERPRODUCTION
2026-08-21,disseminated,Gabe Evans,Support,Unfriendly,"AMERICANS FOR PROSPERITY ACTION, INC. (AFP ACTION) DBA CVA ACTION AND DBA LIBRE ACTION",26657.72,MAILER POSTAGE,UNITED STATES POSTAL SERVICE,2026-08-21,2026-08-21,2026-08-22,F24,processed,2009438,https://docquery.fec.gov/cgi-bin/fecimg/?202608229903382197,C00687103,H4CO08034,,,2026-09-07T21:55:06+00:00,C00687103|H4CO08034|S|26657|2026-08-21|MAILERPOSTAGE
2026-08-20,disseminated,Manny Rutinel,Support,Friendly,MAINSTREAM COLORADO FUND,11880.00,CANVASSING,GRASSROOTS VOTER OUTREACH,2026-08-20,2026-08-20,2026-08-20,F24,processed,2007891,https://docquery.fec.gov/cgi-bin/fecimg/?202608209899598212,C00885707,H6CO08013,Oppose Gabe Evans,,2026-09-07T21:55:06+00:00,C00885707|H6CO08013|S|11880|2026-08-20|CANVASSING
2026-08-20,disseminated,Gabe Evans,Oppose,Friendly,MAINSTREAM COLORADO FUND,11880.00,CANVASSING,GRASSROOTS VOTER OUTREACH,2026-08-20,2026-08-20,2026-08-20,F24,processed,2007891,https://docquery.fec.gov/cgi-bin/fecimg/?202608209899598212,C00885707,H4CO08034,,C00885707|H6CO08013|S|11880|2026-08-20|CANVASSING,2026-09-07T21:55:06+00:00,C00885707|H4CO08034|O|11880|2026-08-20|CANVASSING
2026-08-17,disseminated,Manny Rutinel,Oppose,Unfriendly,"AMERICANS FOR PROSPERITY ACTION, INC. (AFP ACTION) DBA CVA ACTION AND DBA LIBRE ACTION",3003.00,DOORHANGER PRODUCTION,FCG MAIL LLC,2026-08-17,2026-08-17,2026-08-18,F24,processed,2007402,https://docquery.fec.gov/cgi-bin/fecimg/?202608189899565815,C00687103,H6CO08013,,C00687103|H4CO08034|S|3003|2026-08-17|DOORHANGERPRODUCTION,2026-09-07T21:55:06+00:00,C00687103|H6CO08013|O|3003|2026-08-17|DOORHANGERPRODUCTION
2026-08-17,disseminated,Gabe Evans,Support,Unfriendly,"AMERICANS FOR PROSPERITY ACTION, INC. (AFP ACTION) DBA CVA ACTION AND DBA LIBRE ACTION",3003.00,DOORHANGER PRODUCTION,FCG MAIL LLC,2026-08-17,2026-08-17,2026-08-18,F24,processed,2007402,https://docquery.fec.gov/cgi-bin/fecimg/?202608189899565815,C00687103,H4CO08034,Oppose Manny Rutinel,,2026-09-07T21:55:06+00:00,C00687103|H4CO08034|S|3003|2026-08-17|DOORHANGERPRODUCTION
2026-08-17,disseminated,Manny Rutinel,Oppose,Unfriendly,"AMERICANS FOR PROSPERITY ACTION, INC. (AFP ACTION) DBA CVA ACTION AND DBA LIBRE ACTION",3301.00,DOORHANGER PRODUCTION,FCG MAIL LLC,2026-08-17,2026-08-17,2026-08-18,F24,processed,2007402,https://docquery.fec.gov/cgi-bin/fecimg/?202608189899565814,C00687103,H6CO08013,,C00687103|H4CO08034|S|3301|2026-08-17|DOORHANGERPRODUCTION,2026-09-07T21:55:06+00:00,C00687103|H6CO08013|O|3301|2026-08-17|DOORHANGERPRODUCTION
2026-08-17,disseminated,Gabe Evans,Support,Unfriendly,"AMERICANS FOR PROSPERITY ACTION, INC. (AFP ACTION) DBA CVA ACTION AND DBA LIBRE ACTION",3301.00,DOORHANGER PRODUCTION,FCG MAIL LLC,2026-08-17,2026-08-17,2026-08-18,F24,processed,2007402,https://docquery.fec.gov/cgi-bin/fecimg/?202608189899565814,C00687103,H4CO08034,Oppose Manny Rutinel,,2026-09-07T21:55:06+00:00,C00687103|H4CO08034|S|3301|2026-08-17|DOORHANGERPRODUCTION
2026-08-08,disseminated,Manny Rutinel,Support,Friendly,MAINSTREAM COLORADO FUND,9720.00,CANVASSING,GRASSROOTS VOTER OUTREACH,2026-08-08,2026-08-08,2026-08-10,F24,processed,2005266,https://docquery.fec.gov/cgi-bin/fecimg/?202608109899426421,C00885707,H6CO08013,Oppose Gabe Evans,,2026-09-07T21:55:06+00:00,C00885707|H6CO08013|S|9720|2026-08-08|CANVASSING
2026-08-08,disseminated,Gabe Evans,Oppose,Friendly,MAINSTREAM COLORADO FUND,9720.00,CANVASSING,GRASSROOTS VOTER OUTREACH,2026-08-08,2026-08-08,2026-08-10,F24,processed,2005266,https://docquery.fec.gov/cgi-bin/fecimg/?202608109899426421,C00885707,H4CO08034,,C00885707|H6CO08013|S|9720|2026-08-08|CANVASSING,2026-09-07T21:55:06+00:00,C00885707|H4CO08034|O|9720|2026-08-08|CANVASSING
2026-08-04,disseminated,Gabe Evans,Support,Unfriendly,"AMERICANS FOR PROSPERITY ACTION, INC. (AFP ACTION) DBA CVA ACTION AND DBA LIBRE ACTION",2227.50,DOORHANGER PRODUCTION,FCG MAIL LLC,2026-08-04,2026-08-04,2026-08-06,F24,processed,2004631,https://docquery.fec.gov/cgi-bin/fecimg/?202608069899378395,C00687103,H4CO08034,,,2026-09-07T21:55:06+00:00,C00687103|H4CO08034|S|2227|2026-08-04|DOORHANGERPRODUCTION
2026-07-30,disseminated,Manny Rutinel,Support,Friendly,MAINSTREAM COLORADO FUND,9720.00,CANVASSING,GRASSROOTS VOTER OUTREACH,2026-07-30,2026-07-30,2026-08-01,F24,processed,2003468,https://docquery.fec.gov/cgi-bin/fecimg/?202608019899298578,C00885707,H6CO08013,Oppose Gabe Evans,,2026-09-07T21:55:06+00:00,C00885707|H6CO08013|S|9720|2026-07-30|CANVASSING
2026-07-30,disseminated,Gabe Evans,Oppose,Friendly,MAINSTREAM COLORADO FUND,9720.00,CANVASSING,GRASSROOTS VOTER OUTREACH,2026-07-30,2026-07-30,2026-08-01,F24,processed,2003468,https://docquery.fec.gov/cgi-bin/fecimg/?202608019899298578,C00885707,H4CO08034,,C00885707|H6CO08013|S|9720|2026-07-30|CANVASSING,2026-09-07T21:55:06+00:00,C00885707|H4CO08034|O|9720|2026-07-30|CANVASSING
2026-07-29,expenditure,Manny Rutinel,Oppose,Unfriendly,THE CONSERVATIVE CAUCUS DBA AMERICANS FOR CONSTITUTIONAL LIBERTY,63.25,DATA PROCESSING,"DATA MANAGEMENT, INC.",2026-07-29,,2026-07-31,F5,processed,2003398,https://docquery.fec.gov/cgi-bin/fecimg/?202607319899298400,C90018904,H6CO08013,,,2026-09-07T21:55:06+00:00,C90018904|H6CO08013|O|63|2026-07-29|DATAPROCESSING
2026-07-29,expenditure,Manny Rutinel,Oppose,Unfriendly,THE CONSERVATIVE CAUCUS DBA AMERICANS FOR CONSTITUTIONAL LIBERTY,639.76,COPY AND PRODUCTION SERVICES,"AMERICAN TARGET ADVERTISING, INC.",2026-07-29,,2026-07-31,F5,processed,2003398,https://docquery.fec.gov/cgi-bin/fecimg/?202607319899298393,C90018904,H6CO08013,,,2026-09-07T21:55:06+00:00,C90018904|H6CO08013|O|639|2026-07-29|COPYANDPRODUCTIONSERVICE
2026-07-29,expenditure,Manny Rutinel,Oppose,Unfriendly,THE CONSERVATIVE CAUCUS DBA AMERICANS FOR CONSTITUTIONAL LIBERTY,3099.03,POSTAGE,UNITED STATES POSTAL SERVICE,2026-07-29,,2026-07-31,F5,processed,2003398,https://docquery.fec.gov/cgi-bin/fecimg/?202607319899298415,C90018904,H6CO08013,,,2026-09-07T21:55:06+00:00,C90018904|H6CO08013|O|3099|2026-07-29|POSTAGE
2026-07-29,expenditure,Manny Rutinel,Oppose,Unfriendly,THE CONSERVATIVE CAUCUS DBA AMERICANS FOR CONSTITUTIONAL LIBERTY,7984.62,PRINT AND MAILSHOP,DIRECT MAIL MARKETING GROUP,2026-07-29,,2026-07-31,F5,processed,2003398,https://docquery.fec.gov/cgi-bin/fecimg/?202607319899298404,C90018904,H6CO08013,,,2026-09-07T21:55:06+00:00,C90018904|H6CO08013|O|7984|2026-07-29|PRINTANDMAILSHOP
2026-07-27,disseminated,Gabe Evans,Support,Unfriendly,"AMERICANS FOR PROSPERITY ACTION, INC. (AFP ACTION) DBA CVA ACTION AND DBA LIBRE ACTION",1000.00,MEDIA PRODUCTION,TARGETED VICTORY LLC,2026-07-27,2026-07-27,2026-07-29,F24,processed,2002602,https://docquery.fec.gov/cgi-bin/fecimg/?202607299894483019,C00687103,H4CO08034,,,2026-09-07T21:55:06+00:00,C00687103|H4CO08034|S|1000|2026-07-27|MEDIAPRODUCTION
2026-07-27,disseminated,Gabe Evans,Support,Unfriendly,"AMERICANS FOR PROSPERITY ACTION, INC. (AFP ACTION) DBA CVA ACTION AND DBA LIBRE ACTION",1800.00,MEDIA PRODUCTION,TARGETED VICTORY LLC,2026-07-27,2026-07-27,2026-07-29,F24,processed,2002602,https://docquery.fec.gov/cgi-bin/fecimg/?202607299894483019,C00687103,H4CO08034,,,2026-09-07T21:55:06+00:00,C00687103|H4CO08034|S|1800|2026-07-27|MEDIAPRODUCTION
2026-07-27,disseminated,Gabe Evans,Support,Unfriendly,"AMERICANS FOR PROSPERITY ACTION, INC. (AFP ACTION) DBA CVA ACTION AND DBA LIBRE ACTION",6340.00,MEDIA PRODUCTION,TARGETED VICTORY LLC,2026-07-27,2026-07-27,2026-07-29,F24,processed,2002602,https://docquery.fec.gov/cgi-bin/fecimg/?202607299894483020,C00687103,H4CO08034,,,2026-09-07T21:55:06+00:00,C00687103|H4CO08034|S|6340|2026-07-27|MEDIAPRODUCTION
2026-07-27,disseminated,Gabe Evans,Support,Unfriendly,"AMERICANS FOR PROSPERITY ACTION, INC. (AFP ACTION) DBA CVA ACTION AND DBA LIBRE ACTION",55000.00,MEDIA PLACEMENT,IN PURSUIT OF LLC,2026-07-27,2026-07-27,2026-07-29,F24,processed,2002602,https://docquery.fec.gov/cgi-bin/fecimg/?202607299894483018,C00687103,H4CO08034,,,2026-09-07T21:55:06+00:00,C00687103|H4CO08034|S|55000|2026-07-27|MEDIAPLACEMENT
2026-07-27,disseminated,Gabe Evans,Support,Unfriendly,"AMERICANS FOR PROSPERITY ACTION, INC. (AFP ACTION) DBA CVA ACTION AND DBA LIBRE ACTION",175000.00,MEDIA PLACEMENT,IN PURSUIT OF LLC,2026-07-27,2026-07-27,2026-07-29,F24,processed,2002602,https://docquery.fec.gov/cgi-bin/fecimg/?202607299894483018,C00687103,H4CO08034,,,2026-09-07T21:55:06+00:00,C00687103|H4CO08034|S|175000|2026-07-27|MEDIAPLACEMENT
2026-07-27,disseminated,Gabe Evans,Support,Unfriendly,"CLEARPATH ACTION FUND, INC.",25515.00,PRINTING / POSTAGE,MAJORITY STRATEGIES LLC,2026-07-31,2026-07-27,2026-07-28,F24,processed,2002528,https://docquery.fec.gov/cgi-bin/fecimg/?202607289894482367,C00608943,H4CO08034,,,2026-09-07T21:55:06+00:00,C00608943|H4CO08034|S|25515|2026-07-27|PRINTINGPOSTAGE
2026-07-24,expenditure,Manny Rutinel,Oppose,Unfriendly,THE CONSERVATIVE CAUCUS DBA AMERICANS FOR CONSTITUTIONAL LIBERTY,74.89,DATA PROCESSING,"DATA MANAGEMENT, INC.",2026-07-24,,2026-07-31,F5,processed,2003398,https://docquery.fec.gov/cgi-bin/fecimg/?202607319899298396,C90018904,H6CO08013,,,2026-09-07T21:55:06+00:00,C90018904|H6CO08013|O|74|2026-07-24|DATAPROCESSING
2026-07-24,expenditure,Manny Rutinel,Oppose,Unfriendly,THE CONSERVATIVE CAUCUS DBA AMERICANS FOR CONSTITUTIONAL LIBERTY,248.67,LIST BROKERAGE SERVICES,AMERICAN MAILING LISTS CORPORATION,2026-07-24,,2026-07-31,F5,processed,2003398,https://docquery.fec.gov/cgi-bin/fecimg/?202607319899298386,C90018904,H6CO08013,,,2026-09-07T21:55:06+00:00,C90018904|H6CO08013|O|248|2026-07-24|LISTBROKERAGESERVICES
2026-07-24,expenditure,Manny Rutinel,Oppose,Unfriendly,THE CONSERVATIVE CAUCUS DBA AMERICANS FOR CONSTITUTIONAL LIBERTY,757.45,COPY AND PRODUCTION SERVICES,"AMERICAN TARGET ADVERTISING, INC.",2026-07-24,,2026-07-31,F5,processed,2003398,https://docquery.fec.gov/cgi-bin/fecimg/?202607319899298389,C90018904,H6CO08013,,,2026-09-07T21:55:06+00:00,C90018904|H6CO08013|O|757|2026-07-24|COPYANDPRODUCTIONSERVICE
2026-07-24,expenditure,Manny Rutinel,Oppose,Unfriendly,THE CONSERVATIVE CAUCUS DBA AMERICANS FOR CONSTITUTIONAL LIBERTY,1120.29,POSTAGE,UNITED STATES POSTAL SERVICE,2026-07-24,,2026-07-31,F5,processed,2003398,https://docquery.fec.gov/cgi-bin/fecimg/?202607319899298411,C90018904,H6CO08013,,,2026-09-07T21:55:06+00:00,C90018904|H6CO08013|O|1120|2026-07-24|POSTAGE
2026-07-24,expenditure,Manny Rutinel,Oppose,Unfriendly,THE CONSERVATIVE CAUCUS DBA AMERICANS FOR CONSTITUTIONAL LIBERTY,1935.00,PRINT AND MAILSHOP,RHA MARKETING,2026-07-24,,2026-07-31,F5,processed,2003398,https://docquery.fec.gov/cgi-bin/fecimg/?202607319899298408,C90018904,H6CO08013,,,2026-09-07T21:55:06+00:00,C90018904|H6CO08013|O|1935|2026-07-24|PRINTANDMAILSHOP
2026-07-21,disseminated,Manny Rutinel,Support,Friendly,MAINSTREAM COLORADO FUND,9720.00,CANVASSING,GRASSROOTS VOTER OUTREACH,2026-07-21,2026-07-21,2026-07-23,F24,processed,2001651,https://docquery.fec.gov/cgi-bin/fecimg/?202607239894443079,C00885707,H6CO08013,Oppose Gabe Evans,,2026-09-07T21:55:06+00:00,C00885707|H6CO08013|S|9720|2026-07-21|CANVASSING
2026-07-21,disseminated,Gabe Evans,Oppose,Friendly,MAINSTREAM COLORADO FUND,9720.00,CANVASSING,GRASSROOTS VOTER OUTREACH,2026-07-21,2026-07-21,2026-07-23,F24,processed,2001651,https://docquery.fec.gov/cgi-bin/fecimg/?202607239894443079,C00885707,H4CO08034,,C00885707|H6CO08013|S|9720|2026-07-21|CANVASSING,2026-09-07T21:55:06+00:00,C00885707|H4CO08034|O|9720|2026-07-21|CANVASSING
2026-07-14,disseminated,Manny Rutinel,Support,Friendly,MAINSTREAM COLORADO FUND,9720.00,CANVASSING,GRASSROOTS VOTER OUTREACH,2026-07-14,2026-07-14,2026-07-16,F24,processed,1998363,https://docquery.fec.gov/cgi-bin/fecimg/?202607169890837576,C00885707,H6CO08013,Oppose Gabe Evans,,2026-09-07T21:55:06+00:00,C00885707|H6CO08013|S|9720|2026-07-14|CANVASSING
2026-07-14,disseminated,Gabe Evans,Oppose,Friendly,MAINSTREAM COLORADO FUND,9720.00,CANVASSING,GRASSROOTS VOTER OUTREACH,2026-07-14,2026-07-14,2026-07-16,F24,processed,1998363,https://docquery.fec.gov/cgi-bin/fecimg/?202607169890837576,C00885707,H4CO08034,,C00885707|H6CO08013|S|9720|2026-07-14|CANVASSING,2026-09-07T21:55:06+00:00,C00885707|H4CO08034|O|9720|2026-07-14|CANVASSING
2026-06-30,disseminated,Gabe Evans,Oppose,Friendly,LGBTQ CONNECTION PAC,243.22,PAYROLL TAXES,PAYROLL TAXES,2026-06-30,2026-06-30,2026-07-18,F3X,processed,1999178,https://docquery.fec.gov/cgi-bin/fecimg/?202607189890887328,C00722884,H4CO08034,,,2026-09-07T21:55:06+00:00,C00722884|H4CO08034|O|243|2026-06-30|PAYROLLTAXES
2026-06-30,disseminated,Gabe Evans,Oppose,Friendly,LGBTQ CONNECTION PAC,497.15,SALARY,"DOYLE, COLLEEN",2026-06-30,2026-06-30,2026-07-18,F3X,processed,1999178,https://docquery.fec.gov/cgi-bin/fecimg/?202607189890887318,C00722884,H4CO08034,,,2026-09-07T21:55:06+00:00,C00722884|H4CO08034|O|497|2026-06-30|SALARY
2026-06-30,disseminated,Gabe Evans,Oppose,Friendly,TRUST BRIGADE,1324.31,HEALTH INSURANCE,KAISER PERMANENTE,2026-06-30,2026-06-30,2026-07-18,F3X,processed,1999179,https://docquery.fec.gov/cgi-bin/fecimg/?202607189890887353,C00914689,H4CO08034,,,2026-09-07T21:55:06+00:00,C00914689|H4CO08034|O|1324|2026-06-30|HEALTHINSURANCE
2026-06-29,disseminated,Gabe Evans,Oppose,Friendly,TRUST BRIGADE,12.68,FOOD FOR CANVASSERS,"PRYOR-LEASE, RACHEL",2026-06-29,2026-06-29,2026-07-18,F3X,processed,1999179,https://docquery.fec.gov/cgi-bin/fecimg/?202607189890887370,C00914689,H4CO08034,,,2026-09-07T21:55:06+00:00,C00914689|H4CO08034|O|12|2026-06-29|FOODFORCANVASSERS
2026-06-29,disseminated,Gabe Evans,Oppose,Friendly,TRUST BRIGADE,30.77,TRAVEL EXPENSES FOR CANVASSER,"PONDER, JONATHAN",2026-06-29,2026-06-29,2026-07-18,F3X,processed,1999179,https://docquery.fec.gov/cgi-bin/fecimg/?202607189890887362,C00914689,H4CO08034,,,2026-09-07T21:55:06+00:00,C00914689|H4CO08034|O|30|2026-06-29|TRAVELEXPENSESFORCANVASS
2026-06-29,disseminated,Gabe Evans,Oppose,Friendly,TRUST BRIGADE,31.15,TRAVEL EXPENSES FOR CANVASSER,"PONDER, JONATHAN",2026-06-29,2026-06-29,2026-07-18,F3X,processed,1999179,https://docquery.fec.gov/cgi-bin/fecimg/?202607189890887363,C00914689,H4CO08034,,,2026-09-07T21:55:06+00:00,C00914689|H4CO08034|O|31|2026-06-29|TRAVELEXPENSESFORCANVASS
2026-06-29,disseminated,Gabe Evans,Oppose,Friendly,TRUST BRIGADE,56.80,SUPPLIES FOR CANVASSING,"PRYOR-LEASE, RACHEL",2026-06-29,2026-06-29,2026-07-18,F3X,processed,1999179,https://docquery.fec.gov/cgi-bin/fecimg/?202607189890887369,C00914689,H4CO08034,,,2026-09-07T21:55:06+00:00,C00914689|H4CO08034|O|56|2026-06-29|SUPPLIESFORCANVASSING
2026-06-29,disseminated,Gabe Evans,Oppose,Friendly,TRUST BRIGADE,77.75,TRAVEL EXPENSES FOR CANVASSER,"HOLMES, JARREK R.",2026-06-29,2026-06-29,2026-07-18,F3X,processed,1999179,https://docquery.fec.gov/cgi-bin/fecimg/?202607189890887352,C00914689,H4CO08034,,,2026-09-07T21:55:06+00:00,C00914689|H4CO08034|O|77|2026-06-29|TRAVELEXPENSESFORCANVASS
2026-06-29,disseminated,Gabe Evans,Oppose,Friendly,TRUST BRIGADE,201.58,,"APPLEBAUM, ALICE",2026-06-29,2026-06-29,2026-07-18,F3X,processed,1999179,https://docquery.fec.gov/cgi-bin/fecimg/?202607189890887348,C00914689,H4CO08034,,,2026-09-07T21:55:06+00:00,C00914689|H4CO08034|O|201|2026-06-29|
2026-06-29,disseminated,Gabe Evans,Oppose,Friendly,TRUST BRIGADE,237.39,OFFICE SUPPLIES,"PRYOR-LEASE, RACHEL",2026-06-29,2026-06-29,2026-07-18,F3X,processed,1999179,https://docquery.fec.gov/cgi-bin/fecimg/?202607189890887370,C00914689,H4CO08034,,,2026-09-07T21:55:06+00:00,C00914689|H4CO08034|O|237|2026-06-29|OFFICESUPPLIES
2026-06-29,disseminated,Gabe Evans,Oppose,Friendly,LGBTQ CONNECTION PAC,434.46,SALARY,"DE LA CRUZ, DARIUS",2026-06-29,2026-06-29,2026-07-18,F3X,processed,1999178,https://docquery.fec.gov/cgi-bin/fecimg/?202607189890887313,C00722884,H4CO08034,,,2026-09-07T21:55:06+00:00,C00722884|H4CO08034|O|434|2026-06-29|SALARY
2026-06-29,disseminated,Gabe Evans,Oppose,Friendly,LGBTQ CONNECTION PAC,497.12,SALARY,"DICAMILLO, NATHAN",2026-06-29,2026-06-29,2026-07-18,F3X,processed,1999178,https://docquery.fec.gov/cgi-bin/fecimg/?202607189890887315,C00722884,H4CO08034,,,2026-09-07T21:55:06+00:00,C00722884|H4CO08034|O|497|2026-06-29|SALARY
2026-06-29,disseminated,Gabe Evans,Oppose,Friendly,LGBTQ CONNECTION PAC,559.96,SALARY,"MASON, WINSLOW",2026-06-29,2026-06-29,2026-07-18,F3X,processed,1999178,https://docquery.fec.gov/cgi-bin/fecimg/?202607189890887323,C00722884,H4CO08034,,,2026-09-07T21:55:06+00:00,C00722884|H4CO08034|O|559|2026-06-29|SALARY
2026-06-29,disseminated,Gabe Evans,Oppose,Friendly,LGBTQ CONNECTION PAC,630.37,PAYROLL TAXES,PAYROLL TAXES,2026-06-29,2026-06-29,2026-07-18,F3X,processed,1999178,https://docquery.fec.gov/cgi-bin/fecimg/?202607189890887326,C00722884,H4CO08034,,,2026-09-07T21:55:06+00:00,C00722884|H4CO08034|O|630|2026-06-29|PAYROLLTAXES
2026-06-29,disseminated,Gabe Evans,Oppose,Friendly,TRUST BRIGADE,710.43,SUPPLIES FOR CANVASSING,"PONDER, JONATHAN",2026-06-29,2026-06-29,2026-07-18,F3X,processed,1999179,https://docquery.fec.gov/cgi-bin/fecimg/?202607189890887363,C00914689,H4CO08034,,,2026-09-07T21:55:06+00:00,C00914689|H4CO08034|O|710|2026-06-29|SUPPLIESFORCANVASSING
2026-06-29,disseminated,Gabe Evans,Oppose,Friendly,TRUST BRIGADE,772.29,SALARY,"HOLMES, JARREK R.",2026-06-29,2026-06-29,2026-07-18,F3X,processed,1999179,https://docquery.fec.gov/cgi-bin/fecimg/?202607189890887352,C00914689,H4CO08034,,,2026-09-07T21:55:06+00:00,C00914689|H4CO08034|O|772|2026-06-29|SALARY
2026-06-29,disseminated,Gabe Evans,Oppose,Friendly,TRUST BRIGADE,1919.20,PAYROLL TAXES,PAYROLL TAXES,2026-06-29,2026-06-29,2026-07-18,F3X,processed,1999179,https://docquery.fec.gov/cgi-bin/fecimg/?202607189890887357,C00914689,H4CO08034,,,2026-09-07T21:55:06+00:00,C00914689|H4CO08034|O|1919|2026-06-29|PAYROLLTAXES
2026-06-29,disseminated,Gabe Evans,Oppose,Friendly,TRUST BRIGADE,2213.62,SALARY,"PONDER, JONATHAN",2026-06-29,2026-06-29,2026-07-18,F3X,processed,1999179,https://docquery.fec.gov/cgi-bin/fecimg/?202607189890887362,C00914689,H4CO08034,,,2026-09-07T21:55:06+00:00,C00914689|H4CO08034|O|2213|2026-06-29|SALARY
2026-06-29,disseminated,Gabe Evans,Oppose,Friendly,TRUST BRIGADE,2463.75,SALARY,"PRYOR-LEASE, RACHEL",2026-06-29,2026-06-29,2026-07-18,F3X,processed,1999179,https://docquery.fec.gov/cgi-bin/fecimg/?202607189890887369,C00914689,H4CO08034,,,2026-09-07T21:55:06+00:00,C00914689|H4CO08034|O|2463|2026-06-29|SALARY
2026-06-26,disseminated,Gabe Evans,Support,Unfriendly,"CLEARPATH ACTION FUND, INC.",3000.00,DIGITAL MEDIA PRODUCTION,TOPHAM GUERIN,2026-06-10,2026-06-26,2026-06-27,F24,processed,1986828,https://docquery.fec.gov/cgi-bin/fecimg/?202606279874276944,C00608943,H4CO08034,,,2026-09-07T21:55:06+00:00,C00608943|H4CO08034|S|3000|2026-06-26|DIGITALMEDIAPRODUCTION
2026-06-26,disseminated,Gabe Evans,Support,Unfriendly,"CLEARPATH ACTION FUND, INC.",28500.00,DIGITAL MEDIA PLACEMENT,TOPHAM GUERIN,2026-06-26,2026-06-26,2026-06-27,F24,processed,1986828,https://docquery.fec.gov/cgi-bin/fecimg/?202606279874276945,C00608943,H4CO08034,,,2026-09-07T21:55:06+00:00,C00608943|H4CO08034|S|28500|2026-06-26|DIGITALMEDIAPLACEMENT
2026-06-26,disseminated,Gabe Evans,Support,Unfriendly,"CLEARPATH ACTION FUND, INC.",32500.00,DIGITAL MEDIA PLACEMENT,TOPHAM GUERIN,2026-06-10,2026-06-26,2026-06-27,F24,processed,1986828,https://docquery.fec.gov/cgi-bin/fecimg/?202606279874276944,C00608943,H4CO08034,,,2026-09-07T21:55:06+00:00,C00608943|H4CO08034|S|32500|2026-06-26|DIGITALMEDIAPLACEMENT
2026-06-22,disseminated,Gabe Evans,Oppose,Friendly,TRUST BRIGADE,7.55,TRAVEL EXPENSES FOR CANVASSER,"PONDER, JONATHAN",2026-06-22,2026-06-22,2026-07-18,F3X,processed,1999179,https://docquery.fec.gov/cgi-bin/fecimg/?202607189890887361,C00914689,H4CO08034,,,2026-09-07T21:55:06+00:00,C00914689|H4CO08034|O|7|2026-06-22|TRAVELEXPENSESFORCANVASS
2026-06-22,disseminated,Gabe Evans,Oppose,Friendly,TRUST BRIGADE,40.00,MEETINGS WITH CANVASSERS,"PONDER, JONATHAN",2026-06-22,2026-06-22,2026-07-18,F3X,processed,1999179,https://docquery.fec.gov/cgi-bin/fecimg/?202607189890887361,C00914689,H4CO08034,,,2026-09-07T21:55:06+00:00,C00914689|H4CO08034|O|40|2026-06-22|MEETINGSWITHCANVASSERS
2026-06-22,disseminated,Gabe Evans,Oppose,Friendly,TRUST BRIGADE,75.00,WORKERS' COMPENSATION INSURANCE,NEXT INSURANCE,2026-06-22,2026-06-22,2026-07-18,F3X,processed,1999179,https://docquery.fec.gov/cgi-bin/fecimg/?202607189890887356,C00914689,H4CO08034,,,2026-09-07T21:55:06+00:00,C00914689|H4CO08034|O|75|2026-06-22|WORKERSCOMPENSATIONINSUR
2026-06-22,disseminated,Gabe Evans,Oppose,Friendly,TRUST BRIGADE,88.12,SOFTWARE,"HOLMES, JARREK R.",2026-06-22,2026-06-22,2026-07-18,F3X,processed,1999179,https://docquery.fec.gov/cgi-bin/fecimg/?202607189890887351,C00914689,H4CO08034,,,2026-09-07T21:55:06+00:00,C00914689|H4CO08034|O|88|2026-06-22|SOFTWARE
2026-06-22,disseminated,Gabe Evans,Oppose,Friendly,TRUST BRIGADE,154.95,FOOD FOR CANVASSERS,"PRYOR-LEASE, RACHEL",2026-06-22,2026-06-22,2026-07-18,F3X,processed,1999179,https://docquery.fec.gov/cgi-bin/fecimg/?202607189890887368,C00914689,H4CO08034,,,2026-09-07T21:55:06+00:00,C00914689|H4CO08034|O|154|2026-06-22|FOODFORCANVASSERS
2026-06-22,disseminated,Gabe Evans,Oppose,Friendly,TRUST BRIGADE,175.78,FOOD FOR CANVASSERS,"APPLEBAUM, ALICE",2026-06-22,2026-06-22,2026-07-18,F3X,processed,1999179,https://docquery.fec.gov/cgi-bin/fecimg/?202607189890887347,C00914689,H4CO08034,,,2026-09-07T21:55:06+00:00,C00914689|H4CO08034|O|175|2026-06-22|FOODFORCANVASSERS
2026-06-22,disseminated,Gabe Evans,Oppose,Friendly,TRUST BRIGADE,542.88,OFFICE SUPPLIES,"PRYOR-LEASE, RACHEL",2026-06-22,2026-06-22,2026-07-18,F3X,processed,1999179,https://docquery.fec.gov/cgi-bin/fecimg/?202607189890887368,C00914689,H4CO08034,,,2026-09-07T21:55:06+00:00,C00914689|H4CO08034|O|542|2026-06-22|OFFICESUPPLIES
2026-06-20,expenditure,Manny Rutinel,Oppose,Unfriendly,THE CONSERVATIVE CAUCUS DBA AMERICANS FOR CONSTITUTIONAL LIBERTY,42.86,MAILING LIST,AMERICAN MAILING LISTS CORPORATION,2026-06-20,,2026-07-15,F5,processed,1996037,https://docquery.fec.gov/cgi-bin/fecimg/?202607159875770432,C90018904,H6CO08013,,C90018904|H4CO08034|S|42|2026-06-20|MAILINGLIST,2026-09-07T21:55:06+00:00,C90018904|H6CO08013|O|42|2026-06-20|MAILINGLIST
2026-06-20,expenditure,Gabe Evans,Support,Unfriendly,THE CONSERVATIVE CAUCUS DBA AMERICANS FOR CONSTITUTIONAL LIBERTY,42.86,MAILING LIST,AMERICAN MAILING LISTS CORPORATION,2026-06-20,,2026-07-15,F5,processed,1996037,https://docquery.fec.gov/cgi-bin/fecimg/?202607159875770435,C90018904,H4CO08034,Oppose Manny Rutinel,,2026-09-07T21:55:06+00:00,C90018904|H4CO08034|S|42|2026-06-20|MAILINGLIST
2026-06-20,expenditure,Manny Rutinel,Oppose,Unfriendly,THE CONSERVATIVE CAUCUS DBA AMERICANS FOR CONSTITUTIONAL LIBERTY,1026.31,MAILER PRODUCTION,"AMERICAN TARGET ADVERTISING, INC.",2026-06-20,,2026-07-15,F5,processed,1996037,https://docquery.fec.gov/cgi-bin/fecimg/?202607159875770439,C90018904,H6CO08013,,C90018904|H4CO08034|S|1026|2026-06-20|MAILERPRODUCTION,2026-09-07T21:55:06+00:00,C90018904|H6CO08013|O|1026|2026-06-20|MAILERPRODUCTION
2026-06-20,expenditure,Gabe Evans,Support,Unfriendly,THE CONSERVATIVE CAUCUS DBA AMERICANS FOR CONSTITUTIONAL LIBERTY,1026.31,MAILER PRODUCTION,"AMERICAN TARGET ADVERTISING, INC.",2026-06-20,,2026-07-15,F5,processed,1996037,https://docquery.fec.gov/cgi-bin/fecimg/?202607159875770439,C90018904,H4CO08034,Oppose Manny Rutinel,,2026-09-07T21:55:06+00:00,C90018904|H4CO08034|S|1026|2026-06-20|MAILERPRODUCTION
2026-06-20,expenditure,Gabe Evans,Support,Unfriendly,THE CONSERVATIVE CAUCUS DBA AMERICANS FOR CONSTITUTIONAL LIBERTY,88.14,DATA MANAGEMENT,"DATA MANAGEMENT, INC.",2026-06-20,,2026-06-23,F5,processed,1986447,https://docquery.fec.gov/cgi-bin/fecimg/?202606239874260801,C90018904,H4CO08034,,,2026-09-07T21:55:06+00:00,C90018904|H4CO08034|S|88|2026-06-20|DATAMANAGEMENT
2026-06-20,expenditure,Gabe Evans,Support,Unfriendly,THE CONSERVATIVE CAUCUS DBA AMERICANS FOR CONSTITUTIONAL LIBERTY,135.99,MAILING LIST,AMERICAN MAILING LISTS CORPORATION,2026-06-20,,2026-06-23,F5,processed,1986447,https://docquery.fec.gov/cgi-bin/fecimg/?202606239874260799,C90018904,H4CO08034,,,2026-09-07T21:55:06+00:00,C90018904|H4CO08034|S|135|2026-06-20|MAILINGLIST
2026-06-20,expenditure,Manny Rutinel,Oppose,Unfriendly,THE CONSERVATIVE CAUCUS DBA AMERICANS FOR CONSTITUTIONAL LIBERTY,990.54,MAILER PRODUCTION,"AMERICAN TARGET ADVERTISING, INC.",2026-06-20,,2026-06-23,F5,processed,1986447,https://docquery.fec.gov/cgi-bin/fecimg/?202606239874260801,C90018904,H6CO08013,,C90018904|H4CO08034|S|990|2026-06-20|MAILERPRODUCTION,2026-09-07T21:55:06+00:00,C90018904|H6CO08013|O|990|2026-06-20|MAILERPRODUCTION
2026-06-20,expenditure,Gabe Evans,Support,Unfriendly,THE CONSERVATIVE CAUCUS DBA AMERICANS FOR CONSTITUTIONAL LIBERTY,990.54,MAILER PRODUCTION,"AMERICAN TARGET ADVERTISING, INC.",2026-06-20,,2026-06-23,F5,processed,1986447,https://docquery.fec.gov/cgi-bin/fecimg/?202606239874260800,C90018904,H4CO08034,Oppose Manny Rutinel,,2026-09-07T21:55:06+00:00,C90018904|H4CO08034|S|990|2026-06-20|MAILERPRODUCTION
2026-06-20,expenditure,Manny Rutinel,Oppose,Unfriendly,THE CONSERVATIVE CAUCUS DBA AMERICANS FOR CONSTITUTIONAL LIBERTY,2610.24,MAIL SHOP-DIRECT MAIL,ADVANCED RESPONSE SYSTEMS,2026-06-20,,2026-06-23,F5,processed,1986447,https://docquery.fec.gov/cgi-bin/fecimg/?202606239874260799,C90018904,H6CO08013,,C90018904|H4CO08034|S|2610|2026-06-20|MAILSHOPDIRECTMAIL,2026-09-07T21:55:06+00:00,C90018904|H6CO08013|O|2610|2026-06-20|MAILSHOPDIRECTMAIL
2026-06-20,expenditure,Gabe Evans,Support,Unfriendly,THE CONSERVATIVE CAUCUS DBA AMERICANS FOR CONSTITUTIONAL LIBERTY,2610.24,MAIL SHOP-DIRECT MAIL,ADVANCED RESPONSE SYSTEMS,2026-06-20,,2026-06-23,F5,processed,1986447,https://docquery.fec.gov/cgi-bin/fecimg/?202606239874260798,C90018904,H4CO08034,Oppose Manny Rutinel,,2026-09-07T21:55:06+00:00,C90018904|H4CO08034|S|2610|2026-06-20|MAILSHOPDIRECTMAIL
2026-06-20,expenditure,Manny Rutinel,Oppose,Unfriendly,THE CONSERVATIVE CAUCUS DBA AMERICANS FOR CONSTITUTIONAL LIBERTY,2781.47,POSTAGE,UNITED STATES POSTAL SERVICE,2026-06-20,,2026-06-23,F5,processed,1986447,https://docquery.fec.gov/cgi-bin/fecimg/?202606239874260803,C90018904,H6CO08013,,C90018904|H4CO08034|S|2781|2026-06-20|POSTAGE,2026-09-07T21:55:06+00:00,C90018904|H6CO08013|O|2781|2026-06-20|POSTAGE
2026-06-20,expenditure,Gabe Evans,Support,Unfriendly,THE CONSERVATIVE CAUCUS DBA AMERICANS FOR CONSTITUTIONAL LIBERTY,2781.47,POSTAGE,UNITED STATES POSTAL SERVICE,2026-06-20,,2026-06-23,F5,processed,1986447,https://docquery.fec.gov/cgi-bin/fecimg/?202606239874260802,C90018904,H4CO08034,Oppose Manny Rutinel,,2026-09-07T21:55:06+00:00,C90018904|H4CO08034|S|2781|2026-06-20|POSTAGE
2026-06-19,disseminated,Manny Rutinel,Support,Friendly,SOMOS PAC,100000.00,RADIO ADVERTISING & PRODUCTION,PRODAJSA USA INC.,2026-06-18,2026-06-19,2026-07-20,F3X,processed,2000744,https://docquery.fec.gov/cgi-bin/fecimg/?202607209894352220,C00724203,H6CO08013,,,2026-09-07T21:55:06+00:00,C00724203|H6CO08013|S|100000|2026-06-19|RADIOADVERTISINGPRODUCTI
2026-06-18,disseminated,Manny Rutinel,Support,Friendly,SOMOS PAC,31205.35,DIRECT MAIL,"CLERMONT GROUP, LLC",2026-06-10,2026-06-18,2026-07-20,F3X,processed,2000744,https://docquery.fec.gov/cgi-bin/fecimg/?202607209894352216,C00724203,H6CO08013,,,2026-09-07T21:55:06+00:00,C00724203|H6CO08013|S|31205|2026-06-18|DIRECTMAIL
2026-06-16,disseminated,Manny Rutinel,Support,Friendly,SOMOS PAC,31205.35,DIRECT MAIL,"CLERMONT GROUP, LLC",2026-06-10,2026-06-16,2026-07-20,F3X,processed,2000744,https://docquery.fec.gov/cgi-bin/fecimg/?202607209894352216,C00724203,H6CO08013,,,2026-09-07T21:55:06+00:00,C00724203|H6CO08013|S|31205|2026-06-16|DIRECTMAIL
2026-06-16,disseminated,Manny Rutinel,Support,Friendly,LATINO VICTORY FUND,500000.00,"DIGITAL AD BUY, NON-CONTRIBUTION ACCOUNT",LIM CONSULTING SERVICES,2026-06-12,2026-06-16,2026-06-17,F24,processed,1983871,https://docquery.fec.gov/cgi-bin/fecimg/?202606179870699975,C00562777,H6CO08013,,,2026-09-07T21:55:06+00:00,C00562777|H6CO08013|S|500000|2026-06-16|DIGITALADBUYNONCONTRIBUT
2026-06-15,disseminated,Gabe Evans,Oppose,Friendly,TRUST BRIGADE,13.98,FOOD FOR CANVASSERS,"PRYOR-LEASE, RACHEL",2026-06-15,2026-06-15,2026-07-18,F3X,processed,1999179,https://docquery.fec.gov/cgi-bin/fecimg/?202607189890887367,C00914689,H4CO08034,,,2026-09-07T21:55:06+00:00,C00914689|H4CO08034|O|13|2026-06-15|FOODFORCANVASSERS
2026-06-15,disseminated,Gabe Evans,Oppose,Friendly,TRUST BRIGADE,50.74,OFFICE SUPPLIES,"PRYOR-LEASE, RACHEL",2026-06-15,2026-06-15,2026-07-18,F3X,processed,1999179,https://docquery.fec.gov/cgi-bin/fecimg/?202607189890887367,C00914689,H4CO08034,,,2026-09-07T21:55:06+00:00,C00914689|H4CO08034|O|50|2026-06-15|OFFICESUPPLIES
2026-06-15,disseminated,Gabe Evans,Oppose,Friendly,TRUST BRIGADE,80.00,EVENT LIABILITY INSURANCE,"PRYOR-LEASE, RACHEL",2026-06-15,2026-06-15,2026-07-18,F3X,processed,1999179,https://docquery.fec.gov/cgi-bin/fecimg/?202607189890887366,C00914689,H4CO08034,,,2026-09-07T21:55:06+00:00,C00914689|H4CO08034|O|80|2026-06-15|EVENTLIABILITYINSURANCE
2026-06-15,disseminated,Gabe Evans,Oppose,Friendly,TRUST BRIGADE,94.08,SUPPLIES FOR CANVASSING,"PONDER, JONATHAN",2026-06-15,2026-06-15,2026-07-18,F3X,processed,1999179,https://docquery.fec.gov/cgi-bin/fecimg/?202607189890887360,C00914689,H4CO08034,,,2026-09-07T21:55:06+00:00,C00914689|H4CO08034|O|94|2026-06-15|SUPPLIESFORCANVASSING
2026-06-15,disseminated,Gabe Evans,Oppose,Friendly,LGBTQ CONNECTION PAC,94.60,SALARY,PAYROLL TAXES,2026-06-15,2026-06-15,2026-07-18,F3X,processed,1999178,https://docquery.fec.gov/cgi-bin/fecimg/?202607189890887325,C00722884,H4CO08034,,,2026-09-07T21:55:06+00:00,C00722884|H4CO08034|O|94|2026-06-15|SALARY
2026-06-15,disseminated,Gabe Evans,Oppose,Friendly,TRUST BRIGADE,117.00,FOOD FOR CANVASSERS,"MURPHY, CHRISTINE",2026-06-15,2026-06-15,2026-07-18,F3X,processed,1999179,https://docquery.fec.gov/cgi-bin/fecimg/?202607189890887355,C00914689,H4CO08034,,,2026-09-07T21:55:06+00:00,C00914689|H4CO08034|O|117|2026-06-15|FOODFORCANVASSERS
2026-06-15,disseminated,Gabe Evans,Oppose,Friendly,TRUST BRIGADE,169.64,FOOD FOR CANVASSERS,"WOFFORD, SUE",2026-06-15,2026-06-15,2026-07-18,F3X,processed,1999179,https://docquery.fec.gov/cgi-bin/fecimg/?202607189890887371,C00914689,H4CO08034,,,2026-09-07T21:55:06+00:00,C00914689|H4CO08034|O|169|2026-06-15|FOODFORCANVASSERS
2026-06-15,disseminated,Gabe Evans,Oppose,Friendly,LGBTQ CONNECTION PAC,348.85,SALARY,"MASON, WINSLOW",2026-06-15,2026-06-15,2026-07-18,F3X,processed,1999178,https://docquery.fec.gov/cgi-bin/fecimg/?202607189890887321,C00722884,H4CO08034,,,2026-09-07T21:55:06+00:00,C00722884|H4CO08034|O|348|2026-06-15|SALARY
2026-06-12,expenditure,Manny Rutinel,Support,Friendly,LATINO VICTORY PROJECT,62500.00,PURPOSE OF EXPENDITURE NAME OF FEDERAL CANDIDATE SUPPORTED OR OPPOSED BY EXPENDITURE: DISBURSEMENT F,LIM CONSULTING SERVICES,2026-06-12,,2026-08-08,F5,processed,2005081,https://docquery.fec.gov/cgi-bin/fecimg/?202608089899423654,C90015181,H6CO08013,,,2026-09-07T21:55:06+00:00,C90015181|H6CO08013|S|62500|2026-06-12|PURPOSEOFEXPENDITURENAME
2026-06-12,disseminated,Manny Rutinel,Support,Friendly,SOMOS PAC,31205.35,DIRECT MAIL,"CLERMONT GROUP, LLC",2026-06-10,2026-06-12,2026-07-20,F3X,processed,2000744,https://docquery.fec.gov/cgi-bin/fecimg/?202607209894352215,C00724203,H6CO08013,,,2026-09-07T21:55:06+00:00,C00724203|H6CO08013|S|31205|2026-06-12|DIRECTMAIL
2026-06-12,disseminated,Gabe Evans,Oppose,Friendly,LGBTQ CONNECTION PAC,434.46,SALARY,"DE LA CRUZ, DARIUS",2026-06-12,2026-06-12,2026-07-18,F3X,processed,1999178,https://docquery.fec.gov/cgi-bin/fecimg/?202607189890887312,C00722884,H4CO08034,,,2026-09-07T21:55:06+00:00,C00722884|H4CO08034|O|434|2026-06-12|SALARY
2026-06-12,disseminated,Gabe Evans,Oppose,Friendly,LGBTQ CONNECTION PAC,443.96,PAYROLL TAXES,PAYROLL TAXES,2026-06-12,2026-06-12,2026-07-18,F3X,processed,1999178,https://docquery.fec.gov/cgi-bin/fecimg/?202607189890887324,C00722884,H4CO08034,,,2026-09-07T21:55:06+00:00,C00722884|H4CO08034|O|443|2026-06-12|PAYROLLTAXES
2026-06-12,disseminated,Gabe Evans,Oppose,Friendly,LGBTQ CONNECTION PAC,497.12,SALARY,"DICAMILLO, NATHAN",2026-06-12,2026-06-12,2026-07-18,F3X,processed,1999178,https://docquery.fec.gov/cgi-bin/fecimg/?202607189890887314,C00722884,H4CO08034,,,2026-09-07T21:55:06+00:00,C00722884|H4CO08034|O|497|2026-06-12|SALARY
2026-06-12,disseminated,Gabe Evans,Oppose,Friendly,TRUST BRIGADE,772.29,SALARY,"HOLMES, JARREK R.",2026-06-12,2026-06-12,2026-07-18,F3X,processed,1999179,https://docquery.fec.gov/cgi-bin/fecimg/?202607189890887351,C00914689,H4CO08034,,,2026-09-07T21:55:06+00:00,C00914689|H4CO08034|O|772|2026-06-12|SALARY
2026-06-12,disseminated,Gabe Evans,Oppose,Friendly,TRUST BRIGADE,1910.79,PAYROLL TAXES,PAYROLL TAXES,2026-06-12,2026-06-12,2026-07-18,F3X,processed,1999179,https://docquery.fec.gov/cgi-bin/fecimg/?202607189890887356,C00914689,H4CO08034,,,2026-09-07T21:55:06+00:00,C00914689|H4CO08034|O|1910|2026-06-12|PAYROLLTAXES
2026-06-12,disseminated,Gabe Evans,Oppose,Friendly,TRUST BRIGADE,2213.61,SALARY,"PONDER, JONATHAN",2026-06-12,2026-06-12,2026-07-18,F3X,processed,1999179,https://docquery.fec.gov/cgi-bin/fecimg/?202607189890887360,C00914689,H4CO08034,,,2026-09-07T21:55:06+00:00,C00914689|H4CO08034|O|2213|2026-06-12|SALARY
2026-06-12,disseminated,Gabe Evans,Oppose,Friendly,TRUST BRIGADE,2435.71,SALARY,"PRYOR-LEASE, RACHEL",2026-06-12,2026-06-12,2026-07-18,F3X,processed,1999179,https://docquery.fec.gov/cgi-bin/fecimg/?202607189890887366,C00914689,H4CO08034,,,2026-09-07T21:55:06+00:00,C00914689|H4CO08034|O|2435|2026-06-12|SALARY
2026-06-12,expenditure,Manny Rutinel,Support,Friendly,LATINO VICTORY PROJECT,62500.00,ADVERTISING - DIGITAL AD BUY,LIM CONSULTING SERVICES,2026-06-12,,2026-06-12,F5,processed,1982999,https://docquery.fec.gov/cgi-bin/fecimg/?202606129870660129,C90015181,H6CO08013,,,2026-09-07T21:55:06+00:00,C90015181|H6CO08013|S|62500|2026-06-12|ADVERTISINGDIGITALADBUY
2026-06-11,disseminated,Gabe Evans,Support,Unfriendly,"AMERICANS FOR PROSPERITY ACTION, INC. (AFP ACTION) DBA CVA ACTION AND DBA LIBRE ACTION",4873.00,DOORHANGER PRODUCTION,FRANKLIN CREATIVE SOLUTIONS,2026-06-11,2026-06-11,2026-06-11,F24,processed,1982739,https://docquery.fec.gov/cgi-bin/fecimg/?202606119870617387,C00687103,H4CO08034,,,2026-09-07T21:55:06+00:00,C00687103|H4CO08034|S|4873|2026-06-11|DOORHANGERPRODUCTION
2026-06-10,disseminated,Manny Rutinel,Support,Friendly,SOMOS PAC,41726.20,DIRECT MAIL,"CLERMONT GROUP, LLC",2026-06-04,2026-06-10,2026-07-20,F3X,processed,2000744,https://docquery.fec.gov/cgi-bin/fecimg/?202607209894352215,C00724203,H6CO08013,,,2026-09-07T21:55:06+00:00,C00724203|H6CO08013|S|41726|2026-06-10|DIRECTMAIL
2026-06-10,disseminated,Gabe Evans,Oppose,Friendly,TRUST BRIGADE,7.86,TRAVEL EXPENSES FOR CANVASSER,"PONDER, JONATHAN",2026-06-10,2026-06-10,2026-07-18,F3X,processed,1999179,https://docquery.fec.gov/cgi-bin/fecimg/?202607189890887359,C00914689,H4CO08034,,,2026-09-07T21:55:06+00:00,C00914689|H4CO08034|O|7|2026-06-10|TRAVELEXPENSESFORCANVASS
2026-06-10,disseminated,Gabe Evans,Oppose,Friendly,TRUST BRIGADE,797.35,CAMPAIGN EVENT REGISTRATION FEE,"PRYOR-LEASE, RACHEL",2026-06-10,2026-06-10,2026-07-18,F3X,processed,1999179,https://docquery.fec.gov/cgi-bin/fecimg/?202607189890887365,C00914689,H4CO08034,,,2026-09-07T21:55:06+00:00,C00914689|H4CO08034|O|797|2026-06-10|CAMPAIGNEVENTREGISTRATIO
2026-06-09,disseminated,Manny Rutinel,Support,Friendly,SOMOS PAC,118000.00,DIGITAL ADVERTISING,LIM CONSULTING SERVICES,2026-06-05,2026-06-09,2026-07-20,F3X,processed,2000744,https://docquery.fec.gov/cgi-bin/fecimg/?202607209894352219,C00724203,H6CO08013,,,2026-09-07T21:55:06+00:00,C00724203|H6CO08013|S|118000|2026-06-09|DIGITALADVERTISING
2026-06-09,disseminated,Manny Rutinel,Support,Friendly,SOMOS PAC,396000.00,MEDIA BUY,LIM CONSULTING SERVICES,2026-06-05,2026-06-09,2026-07-20,F3X,processed,2000744,https://docquery.fec.gov/cgi-bin/fecimg/?202607209894352218,C00724203,H6CO08013,,,2026-09-07T21:55:06+00:00,C00724203|H6CO08013|S|396000|2026-06-09|MEDIABUY
2026-06-09,disseminated,Manny Rutinel,Support,Friendly,SOMOS PAC,32500.00,MEDIA PRODUCTION & DIGITAL PRODUCTION - ESTIMATE,CONEXION POLITICAL LLC,2026-06-09,2026-06-09,2026-06-11,F24,processed,1982537,https://docquery.fec.gov/cgi-bin/fecimg/?202606119870568709,C00724203,H6CO08013,,,2026-09-07T21:55:06+00:00,C00724203|H6CO08013|S|32500|2026-06-09|MEDIAPRODUCTIONDIGITALPR
2026-06-09,disseminated,Manny Rutinel,Support,Friendly,LATINO VICTORY FUND,10000.00,"TEXTING, NON-CONTRIBUTION ACCOUNT",LIM CONSULTING SERVICES,2026-06-08,2026-06-09,2026-06-10,F24,processed,1982172,https://docquery.fec.gov/cgi-bin/fecimg/?202606109870551492,C00562777,H6CO08013,,,2026-09-07T21:55:06+00:00,C00562777|H6CO08013|S|10000|2026-06-09|TEXTINGNONCONTRIBUTIONAC
2026-06-09,disseminated,Manny Rutinel,Support,Friendly,LATINO VICTORY FUND,240000.00,"DIGITAL AD BUY, NON-CONTRIBUTION ACCOUNT",LIM CONSULTING SERVICES,2026-06-08,2026-06-09,2026-06-10,F24,processed,1982172,https://docquery.fec.gov/cgi-bin/fecimg/?202606109870551491,C00562777,H6CO08013,,,2026-09-07T21:55:06+00:00,C00562777|H6CO08013|S|240000|2026-06-09|DIGITALADBUYNONCONTRIBUT
2026-06-09,disseminated,Manny Rutinel,Support,Friendly,LATINO VICTORY FUND,250000.00,"TV AD BUY, NON-CONTRIBUTION ACCOUNT",LIM CONSULTING SERVICES,2026-06-08,2026-06-09,2026-06-10,F24,processed,1982172,https://docquery.fec.gov/cgi-bin/fecimg/?202606109870551491,C00562777,H6CO08013,,,2026-09-07T21:55:06+00:00,C00562777|H6CO08013|S|250000|2026-06-09|TVADBUYNONCONTRIBUTIONAC
2026-06-08,disseminated,Gabe Evans,Oppose,Friendly,TRUST BRIGADE,59.61,FOOD FOR CANVASSERS,"MURPHY, CHRISTINE",2026-06-08,2026-06-08,2026-07-18,F3X,processed,1999179,https://docquery.fec.gov/cgi-bin/fecimg/?202607189890887354,C00914689,H4CO08034,,,2026-09-07T21:55:06+00:00,C00914689|H4CO08034|O|59|2026-06-08|FOODFORCANVASSERS
2026-06-08,disseminated,Gabe Evans,Oppose,Friendly,TRUST BRIGADE,75.00,WORKERS' COMPENSATION INSURANCE,NEXT INSURANCE,2026-06-08,2026-06-08,2026-07-18,F3X,processed,1999179,https://docquery.fec.gov/cgi-bin/fecimg/?202607189890887355,C00914689,H4CO08034,,,2026-09-07T21:55:06+00:00,C00914689|H4CO08034|O|75|2026-06-08|WORKERSCOMPENSATIONINSUR
2026-06-08,disseminated,Gabe Evans,Oppose,Friendly,TRUST BRIGADE,84.06,FOOD FOR CANVASSERS,"YOUNG, ELIZABETH",2026-06-08,2026-06-08,2026-07-18,F3X,processed,1999179,https://docquery.fec.gov/cgi-bin/fecimg/?202607189890887371,C00914689,H4CO08034,,,2026-09-07T21:55:06+00:00,C00914689|H4CO08034|O|84|2026-06-08|FOODFORCANVASSERS
2026-06-08,disseminated,Gabe Evans,Oppose,Friendly,TRUST BRIGADE,111.33,FOOD FOR CANVASSERS,"PRYOR-LEASE, RACHEL",2026-06-08,2026-06-08,2026-07-18,F3X,processed,1999179,https://docquery.fec.gov/cgi-bin/fecimg/?202607189890887365,C00914689,H4CO08034,,,2026-09-07T21:55:06+00:00,C00914689|H4CO08034|O|111|2026-06-08|FOODFORCANVASSERS
2026-06-08,disseminated,Gabe Evans,Oppose,Friendly,TRUST BRIGADE,728.27,TRAVEL EXPENSES FOR CANVASSER,"BRUNE, BRETT",2026-06-08,2026-06-08,2026-07-18,F3X,processed,1999179,https://docquery.fec.gov/cgi-bin/fecimg/?202607189890887348,C00914689,H4CO08034,,,2026-09-07T21:55:06+00:00,C00914689|H4CO08034|O|728|2026-06-08|TRAVELEXPENSESFORCANVASS
2026-06-08,disseminated,Gabe Evans,Oppose,Friendly,LGBTQ CONNECTION PAC,996.28,TRAVEL EXPENSES FOR CANVASSER,"DE LA CRUZ, DARIUS",2026-06-08,2026-06-08,2026-07-18,F3X,processed,1999178,https://docquery.fec.gov/cgi-bin/fecimg/?202607189890887311,C00722884,H4CO08034,,,2026-09-07T21:55:06+00:00,C00722884|H4CO08034|O|996|2026-06-08|TRAVELEXPENSESFORCANVASS
2026-06-08,disseminated,Gabe Evans,Oppose,Friendly,TRUST BRIGADE,1028.74,SUPPLIES FOR CANVASSING,"PONDER, JONATHAN",2026-06-08,2026-06-08,2026-07-18,F3X,processed,1999179,https://docquery.fec.gov/cgi-bin/fecimg/?202607189890887359,C00914689,H4CO08034,,,2026-09-07T21:55:06+00:00,C00914689|H4CO08034|O|1028|2026-06-08|SUPPLIESFORCANVASSING
2026-06-08,disseminated,Manny Rutinel,Support,Friendly,YOU CAN PUSH BACK,13272.64,TV AD PRODUCTION,PUTNAM PARTNERS,2026-06-05,2026-06-08,2026-06-19,F24,processed,1985660,https://docquery.fec.gov/cgi-bin/fecimg/?202606199870840579,C00946830,H6CO08013,,,2026-09-07T21:55:06+00:00,C00946830|H6CO08013|S|13272|2026-06-08|TVADPRODUCTION
2026-06-08,disseminated,Manny Rutinel,Support,Friendly,YOU CAN PUSH BACK,14411.93,TV AD PRODUCTION,PUTNAM PARTNERS,2026-05-21,2026-06-08,2026-06-19,F24,processed,1985660,https://docquery.fec.gov/cgi-bin/fecimg/?202606199870840580,C00946830,H6CO08013,,,2026-09-07T21:55:06+00:00,C00946830|H6CO08013|S|14411|2026-06-08|TVADPRODUCTION
2026-06-08,disseminated,Manny Rutinel,Support,Friendly,YOU CAN PUSH BACK,84496.99,TELEVISION ADS,BLUEWEST MEDIA,2026-06-05,2026-06-08,2026-06-19,F24,processed,1985660,https://docquery.fec.gov/cgi-bin/fecimg/?202606199870840578,C00946830,H6CO08013,,,2026-09-07T21:55:06+00:00,C00946830|H6CO08013|S|84496|2026-06-08|TELEVISIONADS
2026-06-08,disseminated,Manny Rutinel,Support,Friendly,YOU CAN PUSH BACK,85994.25,DIGITAL ADS,BLUEWEST MEDIA,2026-06-05,2026-06-08,2026-06-19,F24,processed,1985660,https://docquery.fec.gov/cgi-bin/fecimg/?202606199870840579,C00946830,H6CO08013,,,2026-09-07T21:55:06+00:00,C00946830|H6CO08013|S|85994|2026-06-08|DIGITALADS
2026-06-08,disseminated,Manny Rutinel,Support,Friendly,YOU CAN PUSH BACK,778767.76,TELEVISION ADS,BLUEWEST MEDIA,2026-06-05,2026-06-08,2026-06-19,F24,processed,1985660,https://docquery.fec.gov/cgi-bin/fecimg/?202606199870840578,C00946830,H6CO08013,,,2026-09-07T21:55:06+00:00,C00946830|H6CO08013|S|778767|2026-06-08|TELEVISIONADS
2026-06-05,disseminated,Manny Rutinel,Support,Friendly,WORKING FAMILIES PARTY PAC,2500.00,CANVASS (IN-KIND CONTRIBUTION),UNITED FOR A NEW ECONOMY ACTION,2026-06-05,2026-06-05,2026-07-20,F3X,processed,2000712,https://docquery.fec.gov/cgi-bin/fecimg/?202607209894350152,C00606962,H6CO08013,,,2026-09-07T21:55:06+00:00,C00606962|H6CO08013|S|2500|2026-06-05|CANVASSINKINDCONTRIBUTIO
2026-06-05,disseminated,Gabe Evans,Oppose,Friendly,TRUST BRIGADE,43.46,TRAVEL EXPENSES FOR CANVASSER,"PONDER, JONATHAN",2026-06-05,2026-06-05,2026-07-18,F3X,processed,1999179,https://docquery.fec.gov/cgi-bin/fecimg/?202607189890887358,C00914689,H4CO08034,,,2026-09-07T21:55:06+00:00,C00914689|H4CO08034|O|43|2026-06-05|TRAVELEXPENSESFORCANVASS
2026-06-05,disseminated,Gabe Evans,Oppose,Friendly,TRUST BRIGADE,69.44,OFFICE SUPPLIES,"PONDER, JONATHAN",2026-06-05,2026-06-05,2026-07-18,F3X,processed,1999179,https://docquery.fec.gov/cgi-bin/fecimg/?202607189890887358,C00914689,H4CO08034,,,2026-09-07T21:55:06+00:00,C00914689|H4CO08034|O|69|2026-06-05|OFFICESUPPLIES
2026-06-05,disseminated,Gabe Evans,Oppose,Friendly,TRUST BRIGADE,89.95,SOFTWARE,"HOLMES, JARREK R.",2026-06-05,2026-06-05,2026-07-18,F3X,processed,1999179,https://docquery.fec.gov/cgi-bin/fecimg/?202607189890887350,C00914689,H4CO08034,,,2026-09-07T21:55:06+00:00,C00914689|H4CO08034|O|89|2026-06-05|SOFTWARE
2026-06-05,disseminated,Gabe Evans,Oppose,Friendly,TRUST BRIGADE,127.99,MEETING WITH CANVASSERS,"HOLMES, JARREK R.",2026-06-05,2026-06-05,2026-07-18,F3X,processed,1999179,https://docquery.fec.gov/cgi-bin/fecimg/?202607189890887350,C00914689,H4CO08034,,,2026-09-07T21:55:06+00:00,C00914689|H4CO08034|O|127|2026-06-05|MEETINGWITHCANVASSERS
2026-06-05,disseminated,Manny Rutinel,Oppose,Unfriendly,WOMEN VOTE,10000.00,TV MEDIA BUY,WATERFRONT STRATEGIES,2026-06-03,2026-06-05,2026-06-05,F24,processed,1981482,https://docquery.fec.gov/cgi-bin/fecimg/?202606059870432272,C00473918,H6CO08013,,,2026-09-07T21:55:06+00:00,C00473918|H6CO08013|O|10000|2026-06-05|TVMEDIABUY
2026-06-04,disseminated,Manny Rutinel,Oppose,Unfriendly,WOMEN VOTE,19634.50,DIGITAL MEDIA BUY,WATERFRONT STRATEGIES,2026-06-03,2026-06-04,2026-06-05,F24,processed,1981482,https://docquery.fec.gov/cgi-bin/fecimg/?202606059870432271,C00473918,H6CO08013,,,2026-09-07T21:55:06+00:00,C00473918|H6CO08013|O|19634|2026-06-04|DIGITALMEDIABUY
2026-06-04,disseminated,Manny Rutinel,Support,Friendly,SOMOS PAC,41726.20,DIRECT MAIL - ESTIMATE,"CLERMONT GROUP, LLC",2026-06-04,2026-06-04,2026-06-05,F24,processed,1981572,https://docquery.fec.gov/cgi-bin/fecimg/?202606059870433644,C00724203,H6CO08013,,,2026-09-07T21:55:06+00:00,C00724203|H6CO08013|S|41726|2026-06-04|DIRECTMAIL
2026-06-03,disseminated,Gabe Evans,Oppose,Friendly,TRUST BRIGADE,11.00,STORAGE UNIT,"PRYOR-LEASE, RACHEL",2026-06-03,2026-06-03,2026-07-18,F3X,processed,1999179,https://docquery.fec.gov/cgi-bin/fecimg/?202607189890887364,C00914689,H4CO08034,,,2026-09-07T21:55:06+00:00,C00914689|H4CO08034|O|11|2026-06-03|STORAGEUNIT
2026-06-03,disseminated,Gabe Evans,Oppose,Friendly,TRUST BRIGADE,77.09,FOOD FOR CANVASSERS,"APPLEBAUM, ALICE",2026-06-03,2026-06-03,2026-07-18,F3X,processed,1999179,https://docquery.fec.gov/cgi-bin/fecimg/?202607189890887347,C00914689,H4CO08034,,,2026-09-07T21:55:06+00:00,C00914689|H4CO08034|O|77|2026-06-03|FOODFORCANVASSERS
2026-06-03,disseminated,Gabe Evans,Oppose,Friendly,TRUST BRIGADE,78.18,FOOD FOR CANVASSERS,"MURPHY, CHRISTINE",2026-06-03,2026-06-03,2026-07-18,F3X,processed,1999179,https://docquery.fec.gov/cgi-bin/fecimg/?202607189890887354,C00914689,H4CO08034,,,2026-09-07T21:55:06+00:00,C00914689|H4CO08034|O|78|2026-06-03|FOODFORCANVASSERS
2026-06-03,disseminated,Gabe Evans,Oppose,Friendly,TRUST BRIGADE,100.00,ELECTION NIGHT ACTIVITIES,"PRYOR-LEASE, RACHEL",2026-06-03,2026-06-03,2026-07-18,F3X,processed,1999179,https://docquery.fec.gov/cgi-bin/fecimg/?202607189890887364,C00914689,H4CO08034,,,2026-09-07T21:55:06+00:00,C00914689|H4CO08034|O|100|2026-06-03|ELECTIONNIGHTACTIVITIES
2026-06-03,disseminated,Gabe Evans,Oppose,Friendly,TRUST BRIGADE,106.87,SUPPLIES FOR CANVASSING,"PONDER, JONATHAN",2026-06-03,2026-06-03,2026-07-18,F3X,processed,1999179,https://docquery.fec.gov/cgi-bin/fecimg/?202607189890887357,C00914689,H4CO08034,,,2026-09-07T21:55:06+00:00,C00914689|H4CO08034|O|106|2026-06-03|SUPPLIESFORCANVASSING
2026-06-03,disseminated,Gabe Evans,Oppose,Friendly,TRUST BRIGADE,194.51,MEETINGS WITH CANVASSERS,"HOLMES, JARREK R.",2026-06-03,2026-06-03,2026-07-18,F3X,processed,1999179,https://docquery.fec.gov/cgi-bin/fecimg/?202607189890887349,C00914689,H4CO08034,,,2026-09-07T21:55:06+00:00,C00914689|H4CO08034|O|194|2026-06-03|MEETINGSWITHCANVASSERS
2026-06-01,disseminated,Gabe Evans,Oppose,Friendly,TRUST BRIGADE,473.57,LIFE INSURANCE,GUARDIAN LIFE INSURANCE COMPANY OF AMERICA,2026-06-01,2026-06-01,2026-07-18,F3X,processed,1999179,https://docquery.fec.gov/cgi-bin/fecimg/?202607189890887349,C00914689,H4CO08034,,,2026-09-07T21:55:06+00:00,C00914689|H4CO08034|O|473|2026-06-01|LIFEINSURANCE
2026-06-01,disseminated,Gabe Evans,Oppose,Friendly,TRUST BRIGADE,1828.06,HEALTH INSURANCE,KAISER PERMANENTE,2026-06-01,2026-06-01,2026-07-18,F3X,processed,1999179,https://docquery.fec.gov/cgi-bin/fecimg/?202607189890887353,C00914689,H4CO08034,,,2026-09-07T21:55:06+00:00,C00914689|H4CO08034|O|1828|2026-06-01|HEALTHINSURANCE
2026-06-01,disseminated,Manny Rutinel,Oppose,Unfriendly,WOMEN VOTE,89260.00,TV MEDIA BUY,WATERFRONT STRATEGIES,2026-06-01,2026-06-01,2026-06-01,F24,processed,1980760,https://docquery.fec.gov/cgi-bin/fecimg/?202606019870349095,C00473918,H6CO08013,,,2026-09-07T21:55:06+00:00,C00473918|H6CO08013|O|89260|2026-06-01|TVMEDIABUY
2026-05-30,disseminated,Manny Rutinel,Support,Friendly,WORKING FAMILIES PARTY PAC,1024.14,PRINTED LITERATURE,CORAZON PRINTING,2026-05-27,2026-05-30,2026-06-20,F3X,processed,1985977,https://docquery.fec.gov/cgi-bin/fecimg/?202606209870884925,C00606962,H6CO08013,,,2026-09-07T21:55:06+00:00,C00606962|H6CO08013|S|1024|2026-05-30|PRINTEDLITERATURE
2026-05-29,disseminated,Gabe Evans,Oppose,Friendly,TRUST BRIGADE,770.38,SALARY,"HOLMES, JARREK R.",2026-05-29,2026-05-29,2026-06-15,F3X,processed,1983413,https://docquery.fec.gov/cgi-bin/fecimg/?202606159870665626,C00914689,H4CO08034,,,2026-09-07T21:55:06+00:00,C00914689|H4CO08034|O|770|2026-05-29|SALARY
2026-05-29,disseminated,Gabe Evans,Oppose,Friendly,TRUST BRIGADE,1975.04,PAYROLL TAXES,PAYROLL TAXES,2026-05-29,2026-05-29,2026-06-15,F3X,processed,1983413,https://docquery.fec.gov/cgi-bin/fecimg/?202606159870665629,C00914689,H4CO08034,,,2026-09-07T21:55:06+00:00,C00914689|H4CO08034|O|1975|2026-05-29|PAYROLLTAXES
2026-05-29,disseminated,Gabe Evans,Oppose,Friendly,TRUST BRIGADE,2207.87,SALARY,"PONDER, JONATHAN",2026-05-29,2026-05-29,2026-06-15,F3X,processed,1983413,https://docquery.fec.gov/cgi-bin/fecimg/?202606159870665632,C00914689,H4CO08034,,,2026-09-07T21:55:06+00:00,C00914689|H4CO08034|O|2207|2026-05-29|SALARY
2026-05-29,disseminated,Gabe Evans,Oppose,Friendly,TRUST BRIGADE,2429.94,SALARY,"PRYOR-LEASE, RACHEL",2026-05-29,2026-05-29,2026-06-15,F3X,processed,1983413,https://docquery.fec.gov/cgi-bin/fecimg/?202606159870665637,C00914689,H4CO08034,,,2026-09-07T21:55:06+00:00,C00914689|H4CO08034|O|2429|2026-05-29|SALARY
2026-05-29,disseminated,Manny Rutinel,Oppose,Unfriendly,PRO-CHOICE MAJORITY 2026,46665.62,DIRECT MAIL ADVERTISING,THE STRATEGY GROUP,2026-05-21,2026-05-29,2026-05-29,F24,processed,1980256,https://docquery.fec.gov/cgi-bin/fecimg/?202605299870345199,C00894063,H6CO08013,,,2026-09-07T21:55:06+00:00,C00894063|H6CO08013|O|46665|2026-05-29|DIRECTMAILADVERTISING
2026-05-28,disseminated,Gabe Evans,Oppose,Friendly,LGBTQ CONNECTION PAC,512.16,SALARY,"DOYLE, COLLEEN",2026-05-28,2026-05-28,2026-06-15,F3X,processed,1983409,https://docquery.fec.gov/cgi-bin/fecimg/?202606159870665568,C00722884,H4CO08034,,,2026-09-07T21:55:06+00:00,C00722884|H4CO08034|O|512|2026-05-28|SALARY
2026-05-28,disseminated,Gabe Evans,Oppose,Friendly,LGBTQ CONNECTION PAC,610.95,SALARY,"DE LA CRUZ, DARIUS",2026-05-28,2026-05-28,2026-06-15,F3X,processed,1983409,https://docquery.fec.gov/cgi-bin/fecimg/?202606159870665564,C00722884,H4CO08034,,,2026-09-07T21:55:06+00:00,C00722884|H4CO08034|O|610|2026-05-28|SALARY
2026-05-28,disseminated,Gabe Evans,Oppose,Friendly,LGBTQ CONNECTION PAC,699.09,SALARY,"DICAMILLO, NATHAN",2026-05-28,2026-05-28,2026-06-15,F3X,processed,1983409,https://docquery.fec.gov/cgi-bin/fecimg/?202606159870665565,C00722884,H4CO08034,,,2026-09-07T21:55:06+00:00,C00722884|H4CO08034|O|699|2026-05-28|SALARY
2026-05-28,disseminated,Gabe Evans,Oppose,Friendly,LGBTQ CONNECTION PAC,749.19,PAYROLL TAXES,PAYROLL TAXES,2026-05-28,2026-05-28,2026-06-15,F3X,processed,1983409,https://docquery.fec.gov/cgi-bin/fecimg/?202606159870665572,C00722884,H4CO08034,,,2026-09-07T21:55:06+00:00,C00722884|H4CO08034|O|749|2026-05-28|PAYROLLTAXES
2026-05-28,expenditure,Manny Rutinel,Support,Friendly,LATINO VICTORY PROJECT,21664.02,DIRECT MAIL SERVICES,THE CLERMONT GROUP LLC,2026-05-28,,2026-05-28,F5,processed,1980149,https://docquery.fec.gov/cgi-bin/fecimg/?202605289870323690,C90015181,H6CO08013,,,2026-09-07T21:55:06+00:00,C90015181|H6CO08013|S|21664|2026-05-28|DIRECTMAILSERVICES
2026-05-28,disseminated,Manny Rutinel,Oppose,Unfriendly,WOMEN VOTE,25000.00,TV MEDIA BUY,WATERFRONT STRATEGIES,2026-05-28,2026-05-28,2026-05-28,F24,processed,1980046,https://docquery.fec.gov/cgi-bin/fecimg/?202605289870318020,C00473918,H6CO08013,,,2026-09-07T21:55:06+00:00,C00473918|H6CO08013|O|25000|2026-05-28|TVMEDIABUY
2026-05-27,disseminated,Gabe Evans,Oppose,Friendly,TRUST BRIGADE,9.96,FOOD FOR CANVASSERS,"HOLMES, JARREK R.",2026-05-27,2026-05-27,2026-06-15,F3X,processed,1983413,https://docquery.fec.gov/cgi-bin/fecimg/?202606159870665626,C00914689,H4CO08034,,,2026-09-07T21:55:06+00:00,C00914689|H4CO08034|O|9|2026-05-27|FOODFORCANVASSERS
2026-05-27,disseminated,Gabe Evans,Oppose,Friendly,TRUST BRIGADE,15.00,SOFTWARE,"HOLMES, JARREK R.",2026-05-27,2026-05-27,2026-06-15,F3X,processed,1983413,https://docquery.fec.gov/cgi-bin/fecimg/?202606159870665625,C00914689,H4CO08034,,,2026-09-07T21:55:06+00:00,C00914689|H4CO08034|O|15|2026-05-27|SOFTWARE
2026-05-27,disseminated,Gabe Evans,Oppose,Friendly,TRUST BRIGADE,26.46,FOOD FOR CANVASSERS,"PRYOR-LEASE, RACHEL",2026-05-27,2026-05-27,2026-06-15,F3X,processed,1983413,https://docquery.fec.gov/cgi-bin/fecimg/?202606159870665636,C00914689,H4CO08034,,,2026-09-07T21:55:06+00:00,C00914689|H4CO08034|O|26|2026-05-27|FOODFORCANVASSERS
2026-05-27,disseminated,Gabe Evans,Oppose,Friendly,TRUST BRIGADE,30.00,EVENT ADMISSION,"PONDER, JONATHAN",2026-05-27,2026-05-27,2026-06-15,F3X,processed,1983413,https://docquery.fec.gov/cgi-bin/fecimg/?202606159870665632,C00914689,H4CO08034,,,2026-09-07T21:55:06+00:00,C00914689|H4CO08034|O|30|2026-05-27|EVENTADMISSION
2026-05-27,disseminated,Gabe Evans,Oppose,Friendly,TRUST BRIGADE,140.50,MEETING WITH CANVASSERS,"HOLMES, JARREK R.",2026-05-27,2026-05-27,2026-06-15,F3X,processed,1983413,https://docquery.fec.gov/cgi-bin/fecimg/?202606159870665625,C00914689,H4CO08034,,,2026-09-07T21:55:06+00:00,C00914689|H4CO08034|O|140|2026-05-27|MEETINGWITHCANVASSERS
2026-05-27,disseminated,Gabe Evans,Oppose,Friendly,TRUST BRIGADE,151.38,FOOD FOR CANVASSERS,"APPLEBAUM, ALICE",2026-05-27,2026-05-27,2026-06-15,F3X,processed,1983413,https://docquery.fec.gov/cgi-bin/fecimg/?202606159870665621,C00914689,H4CO08034,,,2026-09-07T21:55:06+00:00,C00914689|H4CO08034|O|151|2026-05-27|FOODFORCANVASSERS
2026-05-27,disseminated,Gabe Evans,Oppose,Friendly,TRUST BRIGADE,159.83,OFFICE SUPPLIES,"PRYOR-LEASE, RACHEL",2026-05-27,2026-05-27,2026-06-15,F3X,processed,1983413,https://docquery.fec.gov/cgi-bin/fecimg/?202606159870665636,C00914689,H4CO08034,,,2026-09-07T21:55:06+00:00,C00914689|H4CO08034|O|159|2026-05-27|OFFICESUPPLIES
2026-05-27,disseminated,Gabe Evans,Oppose,Friendly,TRUST BRIGADE,206.49,FOOD FOR CANVASSERS,"YOUNG, ELIZABETH",2026-05-27,2026-05-27,2026-06-15,F3X,processed,1983413,https://docquery.fec.gov/cgi-bin/fecimg/?202606159870665638,C00914689,H4CO08034,,,2026-09-07T21:55:06+00:00,C00914689|H4CO08034|O|206|2026-05-27|FOODFORCANVASSERS
2026-05-27,disseminated,Gabe Evans,Oppose,Friendly,TRUST BRIGADE,776.09,TRAVEL EXPENSES FOR CANVASSER,"PONDER, JONATHAN",2026-05-27,2026-05-27,2026-06-15,F3X,processed,1983413,https://docquery.fec.gov/cgi-bin/fecimg/?202606159870665631,C00914689,H4CO08034,,,2026-09-07T21:55:06+00:00,C00914689|H4CO08034|O|776|2026-05-27|TRAVELEXPENSESFORCANVASS
2026-05-27,expenditure,Manny Rutinel,Support,Friendly,LATINO VICTORY PROJECT,49878.00,DIGITAL TV AD BUY,LIM CONSULTING SERVICES,2026-05-27,,2026-05-28,F5,processed,1980149,https://docquery.fec.gov/cgi-bin/fecimg/?202605289870323689,C90015181,H6CO08013,,,2026-09-07T21:55:06+00:00,C90015181|H6CO08013|S|49878|2026-05-27|DIGITALTVADBUY
2026-05-27,expenditure,Manny Rutinel,Support,Friendly,LATINO VICTORY PROJECT,75122.00,DIGITAL AD BUY,LIM CONSULTING SERVICES,2026-05-27,,2026-05-28,F5,processed,1980149,https://docquery.fec.gov/cgi-bin/fecimg/?202605289870323689,C90015181,H6CO08013,,,2026-09-07T21:55:06+00:00,C90015181|H6CO08013|S|75122|2026-05-27|DIGITALADBUY
2026-05-27,disseminated,Manny Rutinel,Oppose,Unfriendly,WOMEN VOTE,19634.50,DIGITAL MEDIA BUY,WATERFRONT STRATEGIES,2026-05-26,2026-05-27,2026-05-27,F24,processed,1979847,https://docquery.fec.gov/cgi-bin/fecimg/?202605279870291124,C00473918,H6CO08013,,,2026-09-07T21:55:06+00:00,C00473918|H6CO08013|O|19634|2026-05-27|DIGITALMEDIABUY
2026-05-27,disseminated,Manny Rutinel,Oppose,Unfriendly,WOMEN VOTE,64260.00,TV MEDIA BUY,WATERFRONT STRATEGIES,2026-05-26,2026-05-27,2026-05-27,F24,processed,1979847,https://docquery.fec.gov/cgi-bin/fecimg/?202605279870291123,C00473918,H6CO08013,,,2026-09-07T21:55:06+00:00,C00473918|H6CO08013|O|64260|2026-05-27|TVMEDIABUY
2026-05-26,disseminated,Gabe Evans,Oppose,Friendly,TRUST BRIGADE,75.00,WORKERS' COMPENSATION INSURANCE,NEXT INSURANCE,2026-05-26,2026-05-26,2026-06-15,F3X,processed,1983413,https://docquery.fec.gov/cgi-bin/fecimg/?202606159870665628,C00914689,H4CO08034,,,2026-09-07T21:55:06+00:00,C00914689|H4CO08034|O|75|2026-05-26|WORKERSCOMPENSATIONINSUR
2026-05-26,expenditure,Manny Rutinel,Support,Friendly,LATINO VICTORY PROJECT,20235.03,DIRECT MAIL SERVICES,THE CLERMONT GROUP LLC,2026-05-26,,2026-05-27,F5,processed,1979645,https://docquery.fec.gov/cgi-bin/fecimg/?202605279870288708,C90015181,H6CO08013,,,2026-09-07T21:55:06+00:00,C90015181|H6CO08013|S|20235|2026-05-26|DIRECTMAILSERVICES
2026-05-26,disseminated,Manny Rutinel,Oppose,Unfriendly,PRO-CHOICE MAJORITY 2026,46665.62,DIRECT MAIL ADVERTISING,THE STRATEGY GROUP,2026-05-21,2026-05-26,2026-05-27,F24,processed,1979749,https://docquery.fec.gov/cgi-bin/fecimg/?202605279870289999,C00894063,H6CO08013,,,2026-09-07T21:55:06+00:00,C00894063|H6CO08013|O|46665|2026-05-26|DIRECTMAILADVERTISING
2026-05-22,expenditure,Manny Rutinel,Support,Friendly,LATINO VICTORY PROJECT,2791.04,DIRECT MAIL SERVICES,THE CLERMONT GROUP LLC,2026-05-22,,2026-05-22,F5,processed,1979050,https://docquery.fec.gov/cgi-bin/fecimg/?202605229870272817,C90015181,H6CO08013,,,2026-09-07T21:55:06+00:00,C90015181|H6CO08013|S|2791|2026-05-22|DIRECTMAILSERVICES
2026-05-22,expenditure,Manny Rutinel,Support,Friendly,LATINO VICTORY PROJECT,6710.35,DIRECT MAIL SERVICES,THE CLERMONT GROUP LLC,2026-05-22,,2026-05-22,F5,processed,1979050,https://docquery.fec.gov/cgi-bin/fecimg/?202605229870272818,C90015181,H6CO08013,,,2026-09-07T21:55:06+00:00,C90015181|H6CO08013|S|6710|2026-05-22|DIRECTMAILSERVICES
2026-05-22,disseminated,Manny Rutinel,Oppose,Unfriendly,PRO-CHOICE MAJORITY 2026,23290.26,DIRECT MAIL ADVERTISING,THE STRATEGY GROUP,2026-05-21,2026-05-22,2026-05-22,F24,processed,1978891,https://docquery.fec.gov/cgi-bin/fecimg/?202605229870271348,C00894063,H6CO08013,,,2026-09-07T21:55:06+00:00,C00894063|H6CO08013|O|23290|2026-05-22|DIRECTMAILADVERTISING
2026-05-19,disseminated,Manny Rutinel,Oppose,Unfriendly,WOMEN VOTE,210997.00,TV MEDIA BUY,WATERFRONT STRATEGIES,2026-05-18,2026-05-19,2026-05-20,F24,processed,1976955,https://docquery.fec.gov/cgi-bin/fecimg/?202605209867444254,C00473918,H6CO08013,,,2026-09-07T21:55:06+00:00,C00473918|H6CO08013|O|210997|2026-05-19|TVMEDIABUY
2026-05-15,disseminated,Gabe Evans,Oppose,Friendly,TRUST BRIGADE,86.77,SUPPLIES FOR CANVASSING,"PONDER, JONATHAN",2026-05-15,2026-05-15,2026-06-15,F3X,processed,1983413,https://docquery.fec.gov/cgi-bin/fecimg/?202606159870665631,C00914689,H4CO08034,,,2026-09-07T21:55:06+00:00,C00914689|H4CO08034|O|86|2026-05-15|SUPPLIESFORCANVASSING
2026-05-15,disseminated,Gabe Evans,Oppose,Friendly,TRUST BRIGADE,772.29,SALARY,"HOLMES, JARREK R.",2026-05-15,2026-05-15,2026-06-15,F3X,processed,1983413,https://docquery.fec.gov/cgi-bin/fecimg/?202606159870665624,C00914689,H4CO08034,,,2026-09-07T21:55:06+00:00,C00914689|H4CO08034|O|772|2026-05-15|SALARY
2026-05-15,disseminated,Gabe Evans,Oppose,Friendly,TRUST BRIGADE,2007.90,PAYROLL TAXES,PAYROLL TAXES,2026-05-15,2026-05-15,2026-06-15,F3X,processed,1983413,https://docquery.fec.gov/cgi-bin/fecimg/?202606159870665629,C00914689,H4CO08034,,,2026-09-07T21:55:06+00:00,C00914689|H4CO08034|O|2007|2026-05-15|PAYROLLTAXES
2026-05-15,disseminated,Gabe Evans,Oppose,Friendly,TRUST BRIGADE,2213.61,SALARY,"PONDER, JONATHAN",2026-05-15,2026-05-15,2026-06-15,F3X,processed,1983413,https://docquery.fec.gov/cgi-bin/fecimg/?202606159870665630,C00914689,H4CO08034,,,2026-09-07T21:55:06+00:00,C00914689|H4CO08034|O|2213|2026-05-15|SALARY
2026-05-15,disseminated,Gabe Evans,Oppose,Friendly,TRUST BRIGADE,2515.02,SALARY,"PRYOR-LEASE, RACHEL",2026-05-15,2026-05-15,2026-06-15,F3X,processed,1983413,https://docquery.fec.gov/cgi-bin/fecimg/?202606159870665635,C00914689,H4CO08034,,,2026-09-07T21:55:06+00:00,C00914689|H4CO08034|O|2515|2026-05-15|SALARY
2026-05-14,disseminated,Gabe Evans,Oppose,Friendly,LGBTQ CONNECTION PAC,111.70,PAYROLL TAXES,PAYROLL TAXES,2026-05-14,2026-05-14,2026-06-15,F3X,processed,1983409,https://docquery.fec.gov/cgi-bin/fecimg/?202606159870665572,C00722884,H4CO08034,,,2026-09-07T21:55:06+00:00,C00722884|H4CO08034|O|111|2026-05-14|PAYROLLTAXES
2026-05-14,disseminated,Gabe Evans,Oppose,Friendly,LGBTQ CONNECTION PAC,217.23,SALARY,"DE LA CRUZ, DARIUS",2026-05-14,2026-05-14,2026-06-15,F3X,processed,1983409,https://docquery.fec.gov/cgi-bin/fecimg/?202606159870665563,C00722884,H4CO08034,,,2026-09-07T21:55:06+00:00,C00722884|H4CO08034|O|217|2026-05-14|SALARY
2026-05-14,expenditure,Manny Rutinel,Support,Friendly,LATINO VICTORY PROJECT,250000.00,ADVERTISING - DIGITAL AD BUY,LIM CONSULTING SERVICES,2026-05-14,,2026-05-16,F5,processed,1975410,https://docquery.fec.gov/cgi-bin/fecimg/?202605169866977216,C90015181,H6CO08013,,,2026-09-07T21:55:06+00:00,C90015181|H6CO08013|S|250000|2026-05-14|ADVERTISINGDIGITALADBUY
2026-05-14,disseminated,Manny Rutinel,Support,Friendly,PAF,50000.00,DIGITAL ADVERTISING,STACKADAPT,2026-05-14,2026-05-14,2026-05-15,F24,processed,1975263,https://docquery.fec.gov/cgi-bin/fecimg/?202605159866975220,C00754069,H6CO08013,,,2026-09-07T21:55:06+00:00,C00754069|H6CO08013|S|50000|2026-05-14|DIGITALADVERTISING
2026-05-13,disseminated,Manny Rutinel,Oppose,Unfriendly,WOMEN VOTE,968.00,MEDIA PRODUCTION,SKDKNICKERBOCKER LLC,2026-05-21,2026-05-13,2026-05-14,F24,processed,1974961,https://docquery.fec.gov/cgi-bin/fecimg/?202605149866965650,C00473918,H6CO08013,,,2026-09-07T21:55:06+00:00,C00473918|H6CO08013|O|968|2026-05-13|MEDIAPRODUCTION
2026-05-13,disseminated,Manny Rutinel,Oppose,Unfriendly,WOMEN VOTE,7145.50,MEDIA PRODUCTION,SKDKNICKERBOCKER LLC,2026-05-21,2026-05-13,2026-05-14,F24,processed,1974961,https://docquery.fec.gov/cgi-bin/fecimg/?202605149866965649,C00473918,H6CO08013,,,2026-09-07T21:55:06+00:00,C00473918|H6CO08013|O|7145|2026-05-13|MEDIAPRODUCTION
2026-05-13,disseminated,Manny Rutinel,Oppose,Unfriendly,WOMEN VOTE,206985.50,TV MEDIA BUY,WATERFRONT STRATEGIES,2026-05-11,2026-05-13,2026-05-14,F24,processed,1974961,https://docquery.fec.gov/cgi-bin/fecimg/?202605149866965651,C00473918,H6CO08013,,,2026-09-07T21:55:06+00:00,C00473918|H6CO08013|O|206985|2026-05-13|TVMEDIABUY
2026-05-11,disseminated,Gabe Evans,Oppose,Friendly,TRUST BRIGADE,20.50,OFFICE SUPPLIES,"PRYOR-LEASE, RACHEL",2026-05-11,2026-05-11,2026-06-15,F3X,processed,1983413,https://docquery.fec.gov/cgi-bin/fecimg/?202606159870665635,C00914689,H4CO08034,,,2026-09-07T21:55:06+00:00,C00914689|H4CO08034|O|20|2026-05-11|OFFICESUPPLIES
2026-05-11,disseminated,Gabe Evans,Oppose,Friendly,TRUST BRIGADE,39.58,WORKERS' COMPENSATION INSURANCE,NEXT INSURANCE,2026-05-11,2026-05-11,2026-06-15,F3X,processed,1983413,https://docquery.fec.gov/cgi-bin/fecimg/?202606159870665627,C00914689,H4CO08034,,,2026-09-07T21:55:06+00:00,C00914689|H4CO08034|O|39|2026-05-11|WORKERSCOMPENSATIONINSUR
2026-05-11,disseminated,Gabe Evans,Oppose,Friendly,TRUST BRIGADE,71.50,FOOD FOR CANVASSERS,"MURPHY, CHRISTINE",2026-05-11,2026-05-11,2026-06-15,F3X,processed,1983413,https://docquery.fec.gov/cgi-bin/fecimg/?202606159870665627,C00914689,H4CO08034,,,2026-09-07T21:55:06+00:00,C00914689|H4CO08034|O|71|2026-05-11|FOODFORCANVASSERS
2026-05-11,disseminated,Gabe Evans,Oppose,Friendly,TRUST BRIGADE,85.77,FOOD FOR CANVASSERS,"YOUNG, ELIZABETH",2026-05-11,2026-05-11,2026-06-15,F3X,processed,1983413,https://docquery.fec.gov/cgi-bin/fecimg/?202606159870665638,C00914689,H4CO08034,,,2026-09-07T21:55:06+00:00,C00914689|H4CO08034|O|85|2026-05-11|FOODFORCANVASSERS
2026-05-11,disseminated,Gabe Evans,Oppose,Friendly,TRUST BRIGADE,89.95,SOFTWARE,"HOLMES, JARREK R.",2026-05-11,2026-05-11,2026-06-15,F3X,processed,1983413,https://docquery.fec.gov/cgi-bin/fecimg/?202606159870665624,C00914689,H4CO08034,,,2026-09-07T21:55:06+00:00,C00914689|H4CO08034|O|89|2026-05-11|SOFTWARE
2026-05-11,disseminated,Gabe Evans,Oppose,Friendly,TRUST BRIGADE,908.06,TRAVEL EXPENSES FOR CANVASSER,"HOLMES, JARREK R.",2026-05-11,2026-05-11,2026-06-15,F3X,processed,1983413,https://docquery.fec.gov/cgi-bin/fecimg/?202606159870665623,C00914689,H4CO08034,,,2026-09-07T21:55:06+00:00,C00914689|H4CO08034|O|908|2026-05-11|TRAVELEXPENSESFORCANVASS
2026-05-08,disseminated,Gabe Evans,Oppose,Friendly,LGBTQ CONNECTION PAC,483.87,CONSULTING,"FLEISCHER, DAVID",2026-05-08,2026-05-08,2026-06-15,F3X,processed,1983409,https://docquery.fec.gov/cgi-bin/fecimg/?202606159870665569,C00722884,H4CO08034,,,2026-09-07T21:55:06+00:00,C00722884|H4CO08034|O|483|2026-05-08|CONSULTING
2026-05-05,disseminated,Gabe Evans,Oppose,Friendly,TRUST BRIGADE,19.32,FOOD FOR CANVASSERS,"PRYOR-LEASE, RACHEL",2026-05-05,2026-05-05,2026-06-15,F3X,processed,1983413,https://docquery.fec.gov/cgi-bin/fecimg/?202606159870665634,C00914689,H4CO08034,,,2026-09-07T21:55:06+00:00,C00914689|H4CO08034|O|19|2026-05-05|FOODFORCANVASSERS
2026-05-05,disseminated,Gabe Evans,Oppose,Friendly,TRUST BRIGADE,39.10,STORAGE UNIT,"PRYOR-LEASE, RACHEL",2026-05-05,2026-05-05,2026-06-15,F3X,processed,1983413,https://docquery.fec.gov/cgi-bin/fecimg/?202606159870665633,C00914689,H4CO08034,,,2026-09-07T21:55:06+00:00,C00914689|H4CO08034|O|39|2026-05-05|STORAGEUNIT
2026-05-05,disseminated,Gabe Evans,Oppose,Friendly,TRUST BRIGADE,79.82,FOOD FOR CANVASSERS,"YOUNG, ELIZABETH",2026-05-05,2026-05-05,2026-06-15,F3X,processed,1983413,https://docquery.fec.gov/cgi-bin/fecimg/?202606159870665637,C00914689,H4CO08034,,,2026-09-07T21:55:06+00:00,C00914689|H4CO08034|O|79|2026-05-05|FOODFORCANVASSERS
2026-05-05,disseminated,Gabe Evans,Oppose,Friendly,TRUST BRIGADE,84.01,OFFICE SUPPLIES,"PRYOR-LEASE, RACHEL",2026-05-05,2026-05-05,2026-06-15,F3X,processed,1983413,https://docquery.fec.gov/cgi-bin/fecimg/?202606159870665634,C00914689,H4CO08034,,,2026-09-07T21:55:06+00:00,C00914689|H4CO08034|O|84|2026-05-05|OFFICESUPPLIES
2026-05-05,disseminated,Gabe Evans,Oppose,Friendly,TRUST BRIGADE,151.02,SOFTWARE,"HOLMES, JARREK R.",2026-05-05,2026-05-05,2026-06-15,F3X,processed,1983413,https://docquery.fec.gov/cgi-bin/fecimg/?202606159870665623,C00914689,H4CO08034,,,2026-09-07T21:55:06+00:00,C00914689|H4CO08034|O|151|2026-05-05|SOFTWARE
2026-05-05,disseminated,Gabe Evans,Oppose,Friendly,TRUST BRIGADE,354.18,TRAVEL EXPENSES FOR CANVASSER,"HOLMES, JARREK R.",2026-05-05,2026-05-05,2026-06-15,F3X,processed,1983413,https://docquery.fec.gov/cgi-bin/fecimg/?202606159870665622,C00914689,H4CO08034,,,2026-09-07T21:55:06+00:00,C00914689|H4CO08034|O|354|2026-05-05|TRAVELEXPENSESFORCANVASS
2026-05-04,expenditure,Manny Rutinel,Support,Friendly,LATINO VICTORY PROJECT,26574.28,DIRECT MAIL SERVICES,THE CLERMONT GROUP LLC,2026-05-04,,2026-05-04,F5,processed,1972594,https://docquery.fec.gov/cgi-bin/fecimg/?202605049866799416,C90015181,H6CO08013,,,2026-09-07T21:55:06+00:00,C90015181|H6CO08013|S|26574|2026-05-04|DIRECTMAILSERVICES
2026-05-01,disseminated,Gabe Evans,Oppose,Friendly,TRUST BRIGADE,61.39,LIFE INSURANCE,GUARDIAN LIFE INSURANCE COMPANY OF AMERICA,2026-05-01,2026-05-01,2026-06-15,F3X,processed,1983413,https://docquery.fec.gov/cgi-bin/fecimg/?202606159870665621,C00914689,H4CO08034,,,2026-09-07T21:55:06+00:00,C00914689|H4CO08034|O|61|2026-05-01|LIFEINSURANCE
2026-05-01,disseminated,Gabe Evans,Oppose,Friendly,TRUST BRIGADE,770.37,SALARY,"HOLMES, JARREK R.",2026-05-01,2026-05-01,2026-06-15,F3X,processed,1983413,https://docquery.fec.gov/cgi-bin/fecimg/?202606159870665622,C00914689,H4CO08034,,,2026-09-07T21:55:06+00:00,C00914689|H4CO08034|O|770|2026-05-01|SALARY
2026-05-01,disseminated,Gabe Evans,Oppose,Friendly,TRUST BRIGADE,1167.65,SALARY,"PONDER, JONATHAN",2026-05-01,2026-05-01,2026-06-15,F3X,processed,1983413,https://docquery.fec.gov/cgi-bin/fecimg/?202606159870665630,C00914689,H4CO08034,,,2026-09-07T21:55:06+00:00,C00914689|H4CO08034|O|1167|2026-05-01|SALARY
2026-05-01,disseminated,Gabe Evans,Oppose,Friendly,TRUST BRIGADE,1179.32,PAYROLL TAXES,PAYROLL TAXES,2026-05-01,2026-05-01,2026-06-15,F3X,processed,1983413,https://docquery.fec.gov/cgi-bin/fecimg/?202606159870665628,C00914689,H4CO08034,,,2026-09-07T21:55:06+00:00,C00914689|H4CO08034|O|1179|2026-05-01|PAYROLLTAXES
2026-05-01,disseminated,Gabe Evans,Oppose,Friendly,TRUST BRIGADE,1395.95,SALARY,"PRYOR-LEASE, RACHEL",2026-05-01,2026-05-01,2026-06-15,F3X,processed,1983413,https://docquery.fec.gov/cgi-bin/fecimg/?202606159870665633,C00914689,H4CO08034,,,2026-09-07T21:55:06+00:00,C00914689|H4CO08034|O|1395|2026-05-01|SALARY
2026-05-01,expenditure,Manny Rutinel,Support,Friendly,LATINO VICTORY PROJECT,26574.28,DIRECT MAIL SERVICES,THE CLERMONT GROUP LLC,2026-05-01,,2026-05-02,F5,processed,1972297,https://docquery.fec.gov/cgi-bin/fecimg/?202605029866788627,C90015181,H6CO08013,,,2026-09-07T21:55:06+00:00,C90015181|H6CO08013|S|26574|2026-05-01|DIRECTMAILSERVICES
2026-04-30,disseminated,Gabe Evans,Oppose,Friendly,TRUST BRIGADE,22.80,FOOD FOR CANVASSERS,"PRYOR-LEASE, RACHEL",2026-04-30,2026-04-30,2026-05-19,F3X,processed,1976650,https://docquery.fec.gov/cgi-bin/fecimg/?202605199867428877,C00914689,H4CO08034,,,2026-09-07T21:55:06+00:00,C00914689|H4CO08034|O|22|2026-04-30|FOODFORCANVASSERS
2026-04-30,disseminated,Gabe Evans,Oppose,Friendly,TRUST BRIGADE,65.46,OFFICE SUPPLIES,"PONDER, JONATHAN",2026-04-30,2026-04-30,2026-05-19,F3X,processed,1976650,https://docquery.fec.gov/cgi-bin/fecimg/?202605199867428874,C00914689,H4CO08034,,,2026-09-07T21:55:06+00:00,C00914689|H4CO08034|O|65|2026-04-30|OFFICESUPPLIES
2026-04-30,disseminated,Gabe Evans,Oppose,Friendly,TRUST BRIGADE,365.76,FOOD FOR CANVASSERS,"YOUNG, ELIZABETH",2026-04-30,2026-04-30,2026-05-19,F3X,processed,1976650,https://docquery.fec.gov/cgi-bin/fecimg/?202605199867428878,C00914689,H4CO08034,,,2026-09-07T21:55:06+00:00,C00914689|H4CO08034|O|365|2026-04-30|FOODFORCANVASSERS
2026-04-30,disseminated,Gabe Evans,Oppose,Friendly,TRUST BRIGADE,3349.60,ROOM RENTAL FOR CANVASSERS,"HOLMES, JARREK R.",2026-04-30,2026-04-30,2026-05-19,F3X,processed,1976650,https://docquery.fec.gov/cgi-bin/fecimg/?202605199867428871,C00914689,H4CO08034,,,2026-09-07T21:55:06+00:00,C00914689|H4CO08034|O|3349|2026-04-30|ROOMRENTALFORCANVASSERS
2026-04-29,disseminated,Gabe Evans,Oppose,Friendly,TRUST BRIGADE,573.37,HEALTH INSURANCE,KAISER PERMANENTE,2026-04-29,2026-04-29,2026-05-19,F3X,processed,1976650,https://docquery.fec.gov/cgi-bin/fecimg/?202605199867428871,C00914689,H4CO08034,,,2026-09-07T21:55:06+00:00,C00914689|H4CO08034|O|573|2026-04-29|HEALTHINSURANCE
2026-04-27,disseminated,Gabe Evans,Oppose,Friendly,TRUST BRIGADE,5.72,WORKERS' COMPENSATION INSURANCE,NEXT INSURANCE,2026-04-27,2026-04-27,2026-05-19,F3X,processed,1976650,https://docquery.fec.gov/cgi-bin/fecimg/?202605199867428872,C00914689,H4CO08034,,,2026-09-07T21:55:06+00:00,C00914689|H4CO08034|O|5|2026-04-27|WORKERSCOMPENSATIONINSUR
2026-04-27,disseminated,Gabe Evans,Support,Unfriendly,"AMERICANS FOR PROSPERITY ACTION, INC. (AFP ACTION) DBA CVA ACTION AND DBA LIBRE ACTION",4181.00,DOORHANGER PRODUCTION,FCG MAIL LLC,2026-04-27,2026-04-27,2026-04-29,F24,processed,1971690,https://docquery.fec.gov/cgi-bin/fecimg/?202604299866728421,C00687103,H4CO08034,,,2026-09-07T21:55:06+00:00,C00687103|H4CO08034|S|4181|2026-04-27|DOORHANGERPRODUCTION
2026-04-25,expenditure,Manny Rutinel,Support,Friendly,LATINO VICTORY PROJECT,18000.00,ADVERTISING - DIGITAL,JACOBSON & ZILBER STRATEGIES LLC,2026-04-25,,2026-04-27,F5,processed,1971403,https://docquery.fec.gov/cgi-bin/fecimg/?202604279866708985,C90015181,H6CO08013,,,2026-09-07T21:55:06+00:00,C90015181|H6CO08013|S|18000|2026-04-25|ADVERTISINGDIGITAL
2026-04-23,disseminated,Gabe Evans,Oppose,Friendly,TRUST BRIGADE,15.00,SOFTWARE,"HOLMES, JARREK R.",2026-04-23,2026-04-23,2026-05-19,F3X,processed,1976650,https://docquery.fec.gov/cgi-bin/fecimg/?202605199867428870,C00914689,H4CO08034,,,2026-09-07T21:55:06+00:00,C00914689|H4CO08034|O|15|2026-04-23|SOFTWARE
2026-04-23,disseminated,Gabe Evans,Oppose,Friendly,TRUST BRIGADE,70.85,LITERATURE,"HOLMES, JARREK R.",2026-04-23,2026-04-23,2026-05-19,F3X,processed,1976650,https://docquery.fec.gov/cgi-bin/fecimg/?202605199867428870,C00914689,H4CO08034,,,2026-09-07T21:55:06+00:00,C00914689|H4CO08034|O|70|2026-04-23|LITERATURE
2026-04-23,disseminated,Gabe Evans,Oppose,Friendly,TRUST BRIGADE,106.60,SOFTWARE,"PRYOR-LEASE, RACHEL",2026-04-23,2026-04-23,2026-05-19,F3X,processed,1976650,https://docquery.fec.gov/cgi-bin/fecimg/?202605199867428876,C00914689,H4CO08034,,,2026-09-07T21:55:06+00:00,C00914689|H4CO08034|O|106|2026-04-23|SOFTWARE
2026-04-23,disseminated,Gabe Evans,Oppose,Friendly,TRUST BRIGADE,415.19,OFFICE SUPPLIES,"PRYOR-LEASE, RACHEL",2026-04-23,2026-04-23,2026-05-19,F3X,processed,1976650,https://docquery.fec.gov/cgi-bin/fecimg/?202605199867428876,C00914689,H4CO08034,,,2026-09-07T21:55:06+00:00,C00914689|H4CO08034|O|415|2026-04-23|OFFICESUPPLIES
2026-04-23,expenditure,Manny Rutinel,Support,Friendly,LATINO VICTORY PROJECT,85000.00,ADVERTISING - TV AD BUY,LIM CONSULTING SERVICES,2026-04-23,,2026-04-23,F5,processed,1970957,https://docquery.fec.gov/cgi-bin/fecimg/?202604239866687869,C90015181,H6CO08013,,,2026-09-07T21:55:06+00:00,C90015181|H6CO08013|S|85000|2026-04-23|ADVERTISINGTVADBUY
2026-04-22,expenditure,Manny Rutinel,Support,Friendly,LATINO VICTORY PROJECT,26574.28,DIRECT MAIL SERVICES,THE CLERMONT GROUP LLC,2026-04-22,,2026-04-23,F5,processed,1970957,https://docquery.fec.gov/cgi-bin/fecimg/?202604239866687869,C90015181,H6CO08013,,,2026-09-07T21:55:06+00:00,C90015181|H6CO08013|S|26574|2026-04-22|DIRECTMAILSERVICES
2026-04-21,expenditure,Manny Rutinel,Support,Friendly,LATINO VICTORY PROJECT,65000.00,ADVERTISING - DIGITAL AD BUY,LIM CONSULTING SERVICES,2026-04-21,,2026-04-23,F5,processed,1970957,https://docquery.fec.gov/cgi-bin/fecimg/?202604239866687869,C90015181,H6CO08013,,,2026-09-07T21:55:06+00:00,C90015181|H6CO08013|S|65000|2026-04-21|ADVERTISINGDIGITALADBUY
2026-04-17,disseminated,Gabe Evans,Oppose,Friendly,TRUST BRIGADE,379.65,SALARY,"PRYOR-LEASE, RACHEL",2026-04-17,2026-04-17,2026-05-19,F3X,processed,1976650,https://docquery.fec.gov/cgi-bin/fecimg/?202605199867428875,C00914689,H4CO08034,,,2026-09-07T21:55:06+00:00,C00914689|H4CO08034|O|379|2026-04-17|SALARY
2026-04-17,disseminated,Gabe Evans,Oppose,Friendly,TRUST BRIGADE,455.76,PAYROLL TAXES,PAYROLL TAXES,2026-04-17,2026-04-17,2026-05-19,F3X,processed,1976650,https://docquery.fec.gov/cgi-bin/fecimg/?202605199867428873,C00914689,H4CO08034,,,2026-09-07T21:55:06+00:00,C00914689|H4CO08034|O|455|2026-04-17|PAYROLLTAXES
2026-04-17,disseminated,Gabe Evans,Oppose,Friendly,TRUST BRIGADE,772.29,SALARY,"HOLMES, JARREK R.",2026-04-17,2026-04-17,2026-05-19,F3X,processed,1976650,https://docquery.fec.gov/cgi-bin/fecimg/?202605199867428869,C00914689,H4CO08034,,,2026-09-07T21:55:06+00:00,C00914689|H4CO08034|O|772|2026-04-17|SALARY
2026-04-13,disseminated,Gabe Evans,Oppose,Friendly,TRUST BRIGADE,4.68,WORKERS' COMPENSATION INSURANCE,NEXT INSURANCE,2026-04-13,2026-04-13,2026-05-19,F3X,processed,1976650,https://docquery.fec.gov/cgi-bin/fecimg/?202605199867428872,C00914689,H4CO08034,,,2026-09-07T21:55:06+00:00,C00914689|H4CO08034|O|4|2026-04-13|WORKERSCOMPENSATIONINSUR
2026-04-13,disseminated,Gabe Evans,Oppose,Friendly,TRUST BRIGADE,87.70,SOFTWARE,"HOLMES, JARREK R.",2026-04-13,2026-04-13,2026-05-19,F3X,processed,1976650,https://docquery.fec.gov/cgi-bin/fecimg/?202605199867428869,C00914689,H4CO08034,,,2026-09-07T21:55:06+00:00,C00914689|H4CO08034|O|87|2026-04-13|SOFTWARE
2026-04-10,disseminated,Gabe Evans,Oppose,Friendly,TRUST BRIGADE,17.34,SUPPLIES FOR CANVASSING,"HOLMES, JARREK R.",2026-04-10,2026-04-10,2026-05-19,F3X,processed,1976650,https://docquery.fec.gov/cgi-bin/fecimg/?202605199867428868,C00914689,H4CO08034,,,2026-09-07T21:55:06+00:00,C00914689|H4CO08034|O|17|2026-04-10|SUPPLIESFORCANVASSING
2026-04-09,disseminated,Gabe Evans,Oppose,Friendly,TRUST BRIGADE,288.73,TRAVEL EXPENSES FOR CANVASSER,"HOLMES, JARREK R.",2026-04-09,2026-04-09,2026-05-19,F3X,processed,1976650,https://docquery.fec.gov/cgi-bin/fecimg/?202605199867428868,C00914689,H4CO08034,,,2026-09-07T21:55:06+00:00,C00914689|H4CO08034|O|288|2026-04-09|TRAVELEXPENSESFORCANVASS
2026-04-07,disseminated,Gabe Evans,Oppose,Friendly,TRUST BRIGADE,250.00,CAMPAIGN CONSULTING,"PONDER, JONATHAN",2026-04-07,2026-04-07,2026-05-19,F3X,processed,1976650,https://docquery.fec.gov/cgi-bin/fecimg/?202605199867428874,C00914689,H4CO08034,,,2026-09-07T21:55:06+00:00,C00914689|H4CO08034|O|250|2026-04-07|CAMPAIGNCONSULTING
2026-04-06,disseminated,Gabe Evans,Oppose,Friendly,TRUST BRIGADE,169.63,SOFTWARE,"HOLMES, JARREK R.",2026-04-06,2026-04-06,2026-05-19,F3X,processed,1976650,https://docquery.fec.gov/cgi-bin/fecimg/?202605199867428867,C00914689,H4CO08034,,,2026-09-07T21:55:06+00:00,C00914689|H4CO08034|O|169|2026-04-06|SOFTWARE
2026-04-06,disseminated,Gabe Evans,Oppose,Friendly,TRUST BRIGADE,248.54,FOOD FOR CANVASSERS,"YOUNG, ELIZABETH",2026-04-06,2026-04-06,2026-05-19,F3X,processed,1976650,https://docquery.fec.gov/cgi-bin/fecimg/?202605199867428877,C00914689,H4CO08034,,,2026-09-07T21:55:06+00:00,C00914689|H4CO08034|O|248|2026-04-06|FOODFORCANVASSERS
2026-04-06,disseminated,Gabe Evans,Oppose,Friendly,TRUST BRIGADE,2000.00,ROOM RENTAL FOR CANVASSERS,"HOLMES, JARREK R.",2026-04-06,2026-04-06,2026-05-19,F3X,processed,1976650,https://docquery.fec.gov/cgi-bin/fecimg/?202605199867428867,C00914689,H4CO08034,,,2026-09-07T21:55:06+00:00,C00914689|H4CO08034|O|2000|2026-04-06|ROOMRENTALFORCANVASSERS
2026-04-03,disseminated,Gabe Evans,Oppose,Friendly,TRUST BRIGADE,314.88,SALARY,"PRYOR-LEASE, RACHEL",2026-04-03,2026-04-03,2026-05-19,F3X,processed,1976650,https://docquery.fec.gov/cgi-bin/fecimg/?202605199867428875,C00914689,H4CO08034,,,2026-09-07T21:55:06+00:00,C00914689|H4CO08034|O|314|2026-04-03|SALARY
2026-04-03,disseminated,Gabe Evans,Oppose,Friendly,TRUST BRIGADE,419.33,PAYROLL TAXES,PAYROLL TAXES,2026-04-03,2026-04-03,2026-05-19,F3X,processed,1976650,https://docquery.fec.gov/cgi-bin/fecimg/?202605199867428873,C00914689,H4CO08034,,,2026-09-07T21:55:06+00:00,C00914689|H4CO08034|O|419|2026-04-03|PAYROLLTAXES
2026-04-03,disseminated,Gabe Evans,Oppose,Friendly,TRUST BRIGADE,770.38,SALARY,"HOLMES, JARREK R.",2026-04-03,2026-04-03,2026-05-19,F3X,processed,1976650,https://docquery.fec.gov/cgi-bin/fecimg/?202605199867428866,C00914689,H4CO08034,,,2026-09-07T21:55:06+00:00,C00914689|H4CO08034|O|770|2026-04-03|SALARY
2026-04-01,disseminated,Gabe Evans,Oppose,Friendly,TRUST BRIGADE,61.39,LIFE INSURANCE,GUARDIAN LIFE INSURANCE COMPANY OF AMERICA,2026-04-01,2026-04-01,2026-05-19,F3X,processed,1976650,https://docquery.fec.gov/cgi-bin/fecimg/?202605199867428866,C00914689,H4CO08034,,,2026-09-07T21:55:06+00:00,C00914689|H4CO08034|O|61|2026-04-01|LIFEINSURANCE
2026-03-30,disseminated,Gabe Evans,Oppose,Friendly,TRUST BRIGADE,3.64,WORKERS' COMPENSATION INSURANCE,NEXT INSURANCE,2026-03-30,2026-03-30,2026-04-15,F3X,processed,1966305,https://docquery.fec.gov/cgi-bin/fecimg/?202604159862561220,C00914689,H4CO08034,,,2026-09-07T21:55:06+00:00,C00914689|H4CO08034|O|3|2026-03-30|WORKERSCOMPENSATIONINSUR
2026-03-30,disseminated,Gabe Evans,Oppose,Friendly,LGBTQ CONNECTION PAC,129.35,PAYROLL TAXES,PAYROLL TAXES,2026-03-30,2026-03-30,2026-04-15,F3X,processed,1964216,https://docquery.fec.gov/cgi-bin/fecimg/?202604159857531870,C00722884,H4CO08034,,,2026-09-07T21:55:06+00:00,C00722884|H4CO08034|O|129|2026-03-30|PAYROLLTAXES
2026-03-30,disseminated,Gabe Evans,Oppose,Friendly,LGBTQ CONNECTION PAC,232.74,SALARY,"DE LA CRUZ, DARIUS",2026-03-30,2026-03-30,2026-04-15,F3X,processed,1964216,https://docquery.fec.gov/cgi-bin/fecimg/?202604159857531867,C00722884,H4CO08034,,,2026-09-07T21:55:06+00:00,C00722884|H4CO08034|O|232|2026-03-30|SALARY
2026-03-27,disseminated,Gabe Evans,Oppose,Friendly,TRUST BRIGADE,485.00,ROOM RENTAL FOR CANVASSERS,"HOLMES, JARREK R.",2026-03-27,2026-03-27,2026-04-15,F3X,processed,1966305,https://docquery.fec.gov/cgi-bin/fecimg/?202604159862561218,C00914689,H4CO08034,,,2026-09-07T21:55:06+00:00,C00914689|H4CO08034|O|485|2026-03-27|ROOMRENTALFORCANVASSERS
2026-03-27,disseminated,Gabe Evans,Oppose,Friendly,LGBTQ CONNECTION PAC,1326.97,TRAVEL EXPENSES FOR CANVASSER,"DE LA CRUZ, DARIUS",2026-03-27,2026-03-27,2026-04-15,F3X,processed,1964216,https://docquery.fec.gov/cgi-bin/fecimg/?202604159857531867,C00722884,H4CO08034,,,2026-09-07T21:55:06+00:00,C00722884|H4CO08034|O|1326|2026-03-27|TRAVELEXPENSESFORCANVASS
2026-03-26,disseminated,Gabe Evans,Oppose,Friendly,PLANNED PARENTHOOD VOTES,15.03,STAFF TIME FOR VOTER COMMUNICATIONS,"PLANNED PARENTHOOD ACTION FUND, INC.",2026-03-26,2026-03-26,2026-04-20,F3X,processed,1969996,https://docquery.fec.gov/cgi-bin/fecimg/?202604209863280601,C00489799,H4CO08034,,,2026-09-07T21:55:06+00:00,C00489799|H4CO08034|O|15|2026-03-26|STAFFTIMEFORVOTERCOMMUNI
2026-03-24,disseminated,Gabe Evans,Oppose,Friendly,TRUST BRIGADE,150.00,PRINT ADVERTISEMENT,"HOLMES, JARREK R.",2026-03-24,2026-03-24,2026-04-15,F3X,processed,1966305,https://docquery.fec.gov/cgi-bin/fecimg/?202604159862561217,C00914689,H4CO08034,,,2026-09-07T21:55:06+00:00,C00914689|H4CO08034|O|150|2026-03-24|PRINTADVERTISEMENT
2026-03-24,disseminated,Gabe Evans,Oppose,Friendly,TRUST BRIGADE,250.00,CAMPAIGN CONSULTING,"GOMELSKY, SOPHIA",2026-03-24,2026-03-24,2026-04-15,F3X,processed,1966305,https://docquery.fec.gov/cgi-bin/fecimg/?202604159862561210,C00914689,H4CO08034,,,2026-09-07T21:55:06+00:00,C00914689|H4CO08034|O|250|2026-03-24|CAMPAIGNCONSULTING
2026-03-24,disseminated,Gabe Evans,Oppose,Friendly,TRUST BRIGADE,560.00,ROOM RENTAL FOR CANVASSERS,"HOLMES, JARREK R.",2026-03-24,2026-03-24,2026-04-15,F3X,processed,1966305,https://docquery.fec.gov/cgi-bin/fecimg/?202604159862561217,C00914689,H4CO08034,,,2026-09-07T21:55:06+00:00,C00914689|H4CO08034|O|560|2026-03-24|ROOMRENTALFORCANVASSERS
2026-03-23,disseminated,Gabe Evans,Oppose,Friendly,TRUST BRIGADE,69.82,FOOD FOR CANVASSERS,"PRYOR-LEASE, RACHEL",2026-03-23,2026-03-23,2026-04-15,F3X,processed,1966305,https://docquery.fec.gov/cgi-bin/fecimg/?202604159862561222,C00914689,H4CO08034,,,2026-09-07T21:55:06+00:00,C00914689|H4CO08034|O|69|2026-03-23|FOODFORCANVASSERS
2026-03-23,disseminated,Gabe Evans,Oppose,Friendly,TRUST BRIGADE,243.86,OFFICE SUPPLIES,"PRYOR-LEASE, RACHEL",2026-03-23,2026-03-23,2026-04-15,F3X,processed,1966305,https://docquery.fec.gov/cgi-bin/fecimg/?202604159862561222,C00914689,H4CO08034,,,2026-09-07T21:55:06+00:00,C00914689|H4CO08034|O|243|2026-03-23|OFFICESUPPLIES
2026-03-23,disseminated,Gabe Evans,Oppose,Friendly,TRUST BRIGADE,1821.63,ROOM RENTAL FOR CANVASSERS,"HOLMES, JARREK R.",2026-03-23,2026-03-23,2026-04-15,F3X,processed,1966305,https://docquery.fec.gov/cgi-bin/fecimg/?202604159862561216,C00914689,H4CO08034,,,2026-09-07T21:55:06+00:00,C00914689|H4CO08034|O|1821|2026-03-23|ROOMRENTALFORCANVASSERS
2026-03-23,disseminated,Gabe Evans,Support,Unfriendly,"AMERICANS FOR PROSPERITY ACTION, INC. (AFP ACTION) DBA CVA ACTION AND DBA LIBRE ACTION",5740.97,DOORHANGER PRODUCTION,FCG MAIL LLC,2026-03-23,2026-03-23,2026-03-25,F24,processed,1956194,https://docquery.fec.gov/cgi-bin/fecimg/?202603259856844740,C00687103,H4CO08034,,,2026-09-07T21:55:06+00:00,C00687103|H4CO08034|S|5740|2026-03-23|DOORHANGERPRODUCTION
2026-03-20,disseminated,Gabe Evans,Oppose,Friendly,TRUST BRIGADE,189.90,FOOD FOR CANVASSERS,"YOUNG, ELIZABETH",2026-03-20,2026-03-20,2026-04-15,F3X,processed,1966305,https://docquery.fec.gov/cgi-bin/fecimg/?202604159862561223,C00914689,H4CO08034,,,2026-09-07T21:55:06+00:00,C00914689|H4CO08034|O|189|2026-03-20|FOODFORCANVASSERS
2026-03-20,disseminated,Gabe Evans,Oppose,Friendly,TRUST BRIGADE,245.35,SALARY,"PRYOR-LEASE, RACHEL",2026-03-20,2026-03-20,2026-04-15,F3X,processed,1966305,https://docquery.fec.gov/cgi-bin/fecimg/?202604159862561221,C00914689,H4CO08034,,,2026-09-07T21:55:06+00:00,C00914689|H4CO08034|O|245|2026-03-20|SALARY
2026-03-20,disseminated,Gabe Evans,Oppose,Friendly,TRUST BRIGADE,653.03,PAYROLL TAXES,PAYROLL TAXES,2026-03-20,2026-03-20,2026-04-15,F3X,processed,1966305,https://docquery.fec.gov/cgi-bin/fecimg/?202604159862561221,C00914689,H4CO08034,,,2026-09-07T21:55:06+00:00,C00914689|H4CO08034|O|653|2026-03-20|PAYROLLTAXES
2026-03-20,disseminated,Gabe Evans,Oppose,Friendly,TRUST BRIGADE,772.29,SALARY,"HOLMES, JARREK R.",2026-03-20,2026-03-20,2026-04-15,F3X,processed,1966305,https://docquery.fec.gov/cgi-bin/fecimg/?202604159862561216,C00914689,H4CO08034,,,2026-09-07T21:55:06+00:00,C00914689|H4CO08034|O|772|2026-03-20|SALARY
2026-03-20,disseminated,Gabe Evans,Oppose,Friendly,TRUST BRIGADE,1112.55,SALARY,"DOYLE, COLLEEN",2026-03-20,2026-03-20,2026-04-15,F3X,processed,1966305,https://docquery.fec.gov/cgi-bin/fecimg/?202604159862561209,C00914689,H4CO08034,,,2026-09-07T21:55:06+00:00,C00914689|H4CO08034|O|1112|2026-03-20|SALARY
2026-03-19,disseminated,Gabe Evans,Support,Unfriendly,"AMERICANS FOR PROSPERITY ACTION, INC. (AFP ACTION) DBA CVA ACTION AND DBA LIBRE ACTION",5107.00,DOORHANGER PRODUCTION,FCG MAIL LLC,2026-03-19,2026-03-19,2026-03-20,F24,processed,1955497,https://docquery.fec.gov/cgi-bin/fecimg/?202603209853681566,C00687103,H4CO08034,,,2026-09-07T21:55:06+00:00,C00687103|H4CO08034|S|5107|2026-03-19|DOORHANGERPRODUCTION
2026-03-18,disseminated,Gabe Evans,Oppose,Friendly,TRUST BRIGADE,844.00,WEBSITE,"HOLMES, JARREK R.",2026-03-18,2026-03-18,2026-04-15,F3X,processed,1966305,https://docquery.fec.gov/cgi-bin/fecimg/?202604159862561215,C00914689,H4CO08034,,,2026-09-07T21:55:06+00:00,C00914689|H4CO08034|O|844|2026-03-18|WEBSITE
2026-03-18,disseminated,Gabe Evans,Support,Unfriendly,"AMERICANS FOR PROSPERITY ACTION, INC. (AFP ACTION) DBA CVA ACTION AND DBA LIBRE ACTION",250.00,CANVASSING,AMERICANS FOR PROSPERITY,2026-03-18,2026-03-18,2026-03-20,F24,processed,1955497,https://docquery.fec.gov/cgi-bin/fecimg/?202603209853681566,C00687103,H4CO08034,,,2026-09-07T21:55:06+00:00,C00687103|H4CO08034|S|250|2026-03-18|CANVASSING
2026-03-17,disseminated,Gabe Evans,Oppose,Friendly,TRUST BRIGADE,15.00,SOFTWARE,"HOLMES, JARREK R.",2026-03-17,2026-03-17,2026-04-15,F3X,processed,1966305,https://docquery.fec.gov/cgi-bin/fecimg/?202604159862561214,C00914689,H4CO08034,,,2026-09-07T21:55:06+00:00,C00914689|H4CO08034|O|15|2026-03-17|SOFTWARE
2026-03-17,disseminated,Gabe Evans,Oppose,Friendly,TRUST BRIGADE,182.27,OFFICE SUPPLIES,"HOLMES, JARREK R.",2026-03-17,2026-03-17,2026-04-15,F3X,processed,1966305,https://docquery.fec.gov/cgi-bin/fecimg/?202604159862561215,C00914689,H4CO08034,,,2026-09-07T21:55:06+00:00,C00914689|H4CO08034|O|182|2026-03-17|OFFICESUPPLIES
2026-03-16,disseminated,Gabe Evans,Oppose,Friendly,TRUST BRIGADE,37.50,WORKERS' COMPENSATION INSURANCE,NEXT INSURANCE,2026-03-16,2026-03-16,2026-04-15,F3X,processed,1966305,https://docquery.fec.gov/cgi-bin/fecimg/?202604159862561219,C00914689,H4CO08034,,,2026-09-07T21:55:06+00:00,C00914689|H4CO08034|O|37|2026-03-16|WORKERSCOMPENSATIONINSUR
2026-03-09,disseminated,Gabe Evans,Oppose,Friendly,TRUST BRIGADE,18.49,FOOD FOR CANVASSERS,"HOLMES, JARREK R.",2026-03-09,2026-03-09,2026-04-15,F3X,processed,1966305,https://docquery.fec.gov/cgi-bin/fecimg/?202604159862561214,C00914689,H4CO08034,,,2026-09-07T21:55:06+00:00,C00914689|H4CO08034|O|18|2026-03-09|FOODFORCANVASSERS
2026-03-09,disseminated,Gabe Evans,Oppose,Friendly,TRUST BRIGADE,258.90,FOOD FOR CANVASSERS,"YOUNG, ELIZABETH",2026-03-09,2026-03-09,2026-04-15,F3X,processed,1966305,https://docquery.fec.gov/cgi-bin/fecimg/?202604159862561223,C00914689,H4CO08034,,,2026-09-07T21:55:06+00:00,C00914689|H4CO08034|O|258|2026-03-09|FOODFORCANVASSERS
2026-03-06,disseminated,Gabe Evans,Oppose,Friendly,TRUST BRIGADE,385.18,SALARY,"HOLMES, JARREK R.",2026-03-06,2026-03-06,2026-04-15,F3X,processed,1966305,https://docquery.fec.gov/cgi-bin/fecimg/?202604159862561213,C00914689,H4CO08034,,,2026-09-07T21:55:06+00:00,C00914689|H4CO08034|O|385|2026-03-06|SALARY
2026-03-06,disseminated,Gabe Evans,Oppose,Friendly,TRUST BRIGADE,681.46,PAYROLL TAXES,PAYROLL TAXES,2026-03-06,2026-03-06,2026-04-15,F3X,processed,1966305,https://docquery.fec.gov/cgi-bin/fecimg/?202604159862561220,C00914689,H4CO08034,,,2026-09-07T21:55:06+00:00,C00914689|H4CO08034|O|681|2026-03-06|PAYROLLTAXES
2026-03-06,disseminated,Gabe Evans,Oppose,Friendly,TRUST BRIGADE,1085.81,SALARY,"DOYLE, COLLEEN",2026-03-06,2026-03-06,2026-04-15,F3X,processed,1966305,https://docquery.fec.gov/cgi-bin/fecimg/?202604159862561209,C00914689,H4CO08034,,,2026-09-07T21:55:06+00:00,C00914689|H4CO08034|O|1085|2026-03-06|SALARY
2026-03-06,disseminated,Gabe Evans,Oppose,Friendly,TRUST BRIGADE,1129.89,HEALTH INSURANCE,KAISER PERMANENTE,2026-03-06,2026-03-06,2026-04-15,F3X,processed,1966305,https://docquery.fec.gov/cgi-bin/fecimg/?202604159862561218,C00914689,H4CO08034,,,2026-09-07T21:55:06+00:00,C00914689|H4CO08034|O|1129|2026-03-06|HEALTHINSURANCE
2026-03-05,disseminated,Gabe Evans,Oppose,Friendly,TRUST BRIGADE,89.95,SOFTWARE,"HOLMES, JARREK R.",2026-03-05,2026-03-05,2026-04-15,F3X,processed,1966305,https://docquery.fec.gov/cgi-bin/fecimg/?202604159862561212,C00914689,H4CO08034,,,2026-09-07T21:55:06+00:00,C00914689|H4CO08034|O|89|2026-03-05|SOFTWARE
2026-03-05,disseminated,Gabe Evans,Oppose,Friendly,TRUST BRIGADE,1000.00,TRANSPORTATION FOR CANVASSERS,"HOLMES, JARREK R.",2026-03-05,2026-03-05,2026-04-15,F3X,processed,1966305,https://docquery.fec.gov/cgi-bin/fecimg/?202604159862561213,C00914689,H4CO08034,,,2026-09-07T21:55:06+00:00,C00914689|H4CO08034|O|1000|2026-03-05|TRANSPORTATIONFORCANVASS
2026-03-05,disseminated,Gabe Evans,Oppose,Friendly,TRUST BRIGADE,2543.88,ROOM RENTAL FOR CANVASSERS,"HOLMES, JARREK R.",2026-03-05,2026-03-05,2026-04-15,F3X,processed,1966305,https://docquery.fec.gov/cgi-bin/fecimg/?202604159862561212,C00914689,H4CO08034,,,2026-09-07T21:55:06+00:00,C00914689|H4CO08034|O|2543|2026-03-05|ROOMRENTALFORCANVASSERS
2026-03-02,disseminated,Gabe Evans,Oppose,Friendly,TRUST BRIGADE,37.50,WORKERS' COMPENSATION INSURANCE,NEXT INSURANCE,2026-03-02,2026-03-02,2026-04-15,F3X,processed,1966305,https://docquery.fec.gov/cgi-bin/fecimg/?202604159862561219,C00914689,H4CO08034,,,2026-09-07T21:55:06+00:00,C00914689|H4CO08034|O|37|2026-03-02|WORKERSCOMPENSATIONINSUR
2026-03-02,disseminated,Gabe Evans,Oppose,Friendly,TRUST BRIGADE,61.39,LIFE INSURANCE,GUARDIAN LIFE INSURANCE COMPANY OF AMERICA,2026-03-02,2026-03-02,2026-04-15,F3X,processed,1966305,https://docquery.fec.gov/cgi-bin/fecimg/?202604159862561210,C00914689,H4CO08034,,,2026-09-07T21:55:06+00:00,C00914689|H4CO08034|O|61|2026-03-02|LIFEINSURANCE
2026-03-02,disseminated,Gabe Evans,Oppose,Friendly,TRUST BRIGADE,133.26,SOFTWARE,"HOLMES, JARREK R.",2026-03-02,2026-03-02,2026-04-15,F3X,processed,1966305,https://docquery.fec.gov/cgi-bin/fecimg/?202604159862561211,C00914689,H4CO08034,,,2026-09-07T21:55:06+00:00,C00914689|H4CO08034|O|133|2026-03-02|SOFTWARE
2026-03-02,disseminated,Gabe Evans,Oppose,Friendly,TRUST BRIGADE,189.14,OFFICE SUPPLIES,"HOLMES, JARREK R.",2026-03-02,2026-03-02,2026-04-15,F3X,processed,1966305,https://docquery.fec.gov/cgi-bin/fecimg/?202604159862561211,C00914689,H4CO08034,,,2026-09-07T21:55:06+00:00,C00914689|H4CO08034|O|189|2026-03-02|OFFICESUPPLIES
2026-02-28,disseminated,Gabe Evans,Oppose,Friendly,TRUST BRIGADE,385.19,SALARY,"HOLMES, JARREK R.",2026-03-06,2026-02-28,2026-03-13,F3X,processed,1953140,https://docquery.fec.gov/cgi-bin/fecimg/?202603139837959106,C00914689,H4CO08034,,,2026-09-07T21:55:06+00:00,C00914689|H4CO08034|O|385|2026-02-28|SALARY
2026-02-28,disseminated,Gabe Evans,Oppose,Friendly,TRUST BRIGADE,681.47,PAYROLL TAXES,PAYROLL TAXES,2026-03-06,2026-02-28,2026-03-13,F3X,processed,1953140,https://docquery.fec.gov/cgi-bin/fecimg/?202603139837959110,C00914689,H4CO08034,,,2026-09-07T21:55:06+00:00,C00914689|H4CO08034|O|681|2026-02-28|PAYROLLTAXES
2026-02-28,disseminated,Gabe Evans,Oppose,Friendly,TRUST BRIGADE,1085.80,SALARY,"DOYLE, COLLEEN",2026-03-06,2026-02-28,2026-03-13,F3X,processed,1953140,https://docquery.fec.gov/cgi-bin/fecimg/?202603139837959100,C00914689,H4CO08034,,,2026-09-07T21:55:06+00:00,C00914689|H4CO08034|O|1085|2026-02-28|SALARY
2026-02-21,disseminated,Gabe Evans,Support,Unfriendly,LGBTQ CONNECTION PAC,4532.32,TRAVEL EXPENSES FOR CANVASSERS,"FLEISCHER, DAVID",2026-02-23,2026-02-21,2026-04-15,F3X,processed,1964210,https://docquery.fec.gov/cgi-bin/fecimg/?202604159857528338,C00722884,H4CO08034,,,2026-09-07T21:55:06+00:00,C00722884|H4CO08034|S|4532|2026-02-21|TRAVELEXPENSESFORCANVASS
2026-02-20,disseminated,Gabe Evans,Oppose,Friendly,TRUST BRIGADE,706.71,SALARY,"HOLMES, JARREK R.",2026-02-20,2026-02-20,2026-03-13,F3X,processed,1953140,https://docquery.fec.gov/cgi-bin/fecimg/?202603139837959105,C00914689,H4CO08034,,,2026-09-07T21:55:06+00:00,C00914689|H4CO08034|O|706|2026-02-20|SALARY
2026-02-20,disseminated,Gabe Evans,Oppose,Friendly,TRUST BRIGADE,1404.32,PAYROLL TAXES,PAYROLL TAXES,2026-02-20,2026-02-20,2026-03-13,F3X,processed,1953140,https://docquery.fec.gov/cgi-bin/fecimg/?202603139837959109,C00914689,H4CO08034,,,2026-09-07T21:55:06+00:00,C00914689|H4CO08034|O|1404|2026-02-20|PAYROLLTAXES
2026-02-20,disseminated,Gabe Evans,Oppose,Friendly,TRUST BRIGADE,2229.25,SALARY,"DOYLE, COLLEEN",2026-02-20,2026-02-20,2026-03-13,F3X,processed,1953140,https://docquery.fec.gov/cgi-bin/fecimg/?202603139837959100,C00914689,H4CO08034,,,2026-09-07T21:55:06+00:00,C00914689|H4CO08034|O|2229|2026-02-20|SALARY
2026-02-17,disseminated,Gabe Evans,Oppose,Friendly,LGBTQ CONNECTION PAC,1402.24,TRAVEL EXPENSES FOR CANVASSER,"SMITH, KEN",2026-02-17,2026-02-17,2026-04-15,F3X,processed,1964210,https://docquery.fec.gov/cgi-bin/fecimg/?202604159857528340,C00722884,H4CO08034,,,2026-09-07T21:55:06+00:00,C00722884|H4CO08034|O|1402|2026-02-17|TRAVELEXPENSESFORCANVASS
2026-02-17,disseminated,Gabe Evans,Oppose,Friendly,TRUST BRIGADE,37.50,WORKERS' COMPENSATION INSURANCE,NEXT INSURANCE,2026-02-17,2026-02-17,2026-03-13,F3X,processed,1953140,https://docquery.fec.gov/cgi-bin/fecimg/?202603139837959107,C00914689,H4CO08034,,,2026-09-07T21:55:06+00:00,C00914689|H4CO08034|O|37|2026-02-17|WORKERSCOMPENSATIONINSUR
2026-02-14,disseminated,Gabe Evans,Oppose,Friendly,TRUST BRIGADE,9.41,FOOD FOR CANVASSERS,"DOYLE, COLLEEN",2026-02-03,2026-02-14,2026-03-13,F3X,processed,1953140,https://docquery.fec.gov/cgi-bin/fecimg/?202603139837959098,C00914689,H4CO08034,,,2026-09-07T21:55:06+00:00,C00914689|H4CO08034|O|9|2026-02-14|FOODFORCANVASSERS
2026-02-14,disseminated,Gabe Evans,Oppose,Friendly,TRUST BRIGADE,13.00,WORKERS' COMPENSATION INSURANCE,NEXT INSURANCE,2026-02-14,2026-02-14,2026-03-13,F3X,processed,1953140,https://docquery.fec.gov/cgi-bin/fecimg/?202603139837959106,C00914689,H4CO08034,,,2026-09-07T21:55:06+00:00,C00914689|H4CO08034|O|13|2026-02-14|WORKERSCOMPENSATIONINSUR
2026-02-14,disseminated,Gabe Evans,Oppose,Friendly,TRUST BRIGADE,16.50,OFFICE SUPPLIES,"DOYLE, COLLEEN",2026-02-03,2026-02-14,2026-03-13,F3X,processed,1953140,https://docquery.fec.gov/cgi-bin/fecimg/?202603139837959098,C00914689,H4CO08034,,,2026-09-07T21:55:06+00:00,C00914689|H4CO08034|O|16|2026-02-14|OFFICESUPPLIES
2026-02-14,disseminated,Gabe Evans,Oppose,Friendly,TRUST BRIGADE,25.31,FOOD FOR CANVASSERS,"DOYLE, COLLEEN",2026-02-17,2026-02-14,2026-03-13,F3X,processed,1953140,https://docquery.fec.gov/cgi-bin/fecimg/?202603139837959099,C00914689,H4CO08034,,,2026-09-07T21:55:06+00:00,C00914689|H4CO08034|O|25|2026-02-14|FOODFORCANVASSERS
2026-02-14,disseminated,Gabe Evans,Oppose,Friendly,TRUST BRIGADE,37.50,WORKERS' COMPENSATION INSURANCE,NEXT INSURANCE,2026-02-02,2026-02-14,2026-03-13,F3X,processed,1953140,https://docquery.fec.gov/cgi-bin/fecimg/?202603139837959107,C00914689,H4CO08034,,,2026-09-07T21:55:06+00:00,C00914689|H4CO08034|O|37|2026-02-14|WORKERSCOMPENSATIONINSUR
2026-02-14,disseminated,Gabe Evans,Oppose,Friendly,TRUST BRIGADE,40.65,SOFTWARE,"HOLMES, JARREK R.",2026-02-14,2026-02-14,2026-03-13,F3X,processed,1953140,https://docquery.fec.gov/cgi-bin/fecimg/?202603139837959102,C00914689,H4CO08034,,,2026-09-07T21:55:06+00:00,C00914689|H4CO08034|O|40|2026-02-14|SOFTWARE
2026-02-14,disseminated,Gabe Evans,Oppose,Friendly,TRUST BRIGADE,89.95,SOFTWARE,"HOLMES, JARREK R.",2026-02-17,2026-02-14,2026-03-13,F3X,processed,1953140,https://docquery.fec.gov/cgi-bin/fecimg/?202603139837959104,C00914689,H4CO08034,,,2026-09-07T21:55:06+00:00,C00914689|H4CO08034|O|89|2026-02-14|SOFTWARE
2026-02-14,disseminated,Gabe Evans,Oppose,Friendly,TRUST BRIGADE,171.36,SOFTWARE,"HOLMES, JARREK R.",2026-02-02,2026-02-14,2026-03-13,F3X,processed,1953140,https://docquery.fec.gov/cgi-bin/fecimg/?202603139837959103,C00914689,H4CO08034,,,2026-09-07T21:55:06+00:00,C00914689|H4CO08034|O|171|2026-02-14|SOFTWARE
2026-02-14,disseminated,Gabe Evans,Oppose,Friendly,TRUST BRIGADE,176.05,OFFICE SUPPLIES,"HOLMES, JARREK R.",2026-02-02,2026-02-14,2026-03-13,F3X,processed,1953140,https://docquery.fec.gov/cgi-bin/fecimg/?202603139837959103,C00914689,H4CO08034,,,2026-09-07T21:55:06+00:00,C00914689|H4CO08034|O|176|2026-02-14|OFFICESUPPLIES
2026-02-14,disseminated,Gabe Evans,Oppose,Friendly,TRUST BRIGADE,218.43,OFFICE SUPPLIES,"HOLMES, JARREK R.",2026-02-14,2026-02-14,2026-03-13,F3X,processed,1953140,https://docquery.fec.gov/cgi-bin/fecimg/?202603139837959102,C00914689,H4CO08034,,,2026-09-07T21:55:06+00:00,C00914689|H4CO08034|O|218|2026-02-14|OFFICESUPPLIES
2026-02-14,disseminated,Gabe Evans,Oppose,Friendly,TRUST BRIGADE,402.42,FOOD FOR CANVASSERS,"YOUNG, ELIZABETH",2026-02-17,2026-02-14,2026-03-13,F3X,processed,1953140,https://docquery.fec.gov/cgi-bin/fecimg/?202603139837959110,C00914689,H4CO08034,,,2026-09-07T21:55:06+00:00,C00914689|H4CO08034|O|402|2026-02-14|FOODFORCANVASSERS
2026-02-14,disseminated,Gabe Evans,Oppose,Friendly,TRUST BRIGADE,449.67,OFFICE SUPPLIES,"HOLMES, JARREK R.",2026-02-17,2026-02-14,2026-03-13,F3X,processed,1953140,https://docquery.fec.gov/cgi-bin/fecimg/?202603139837959105,C00914689,H4CO08034,,,2026-09-07T21:55:06+00:00,C00914689|H4CO08034|O|449|2026-02-14|OFFICESUPPLIES
2026-02-14,disseminated,Gabe Evans,Oppose,Friendly,TRUST BRIGADE,482.85,PAYROLL TAXES,PAYROLL TAXES,2026-02-14,2026-02-14,2026-03-13,F3X,processed,1953140,https://docquery.fec.gov/cgi-bin/fecimg/?202603139837959108,C00914689,H4CO08034,,,2026-09-07T21:55:06+00:00,C00914689|H4CO08034|O|482|2026-02-14|PAYROLLTAXES
2026-02-14,disseminated,Gabe Evans,Oppose,Friendly,TRUST BRIGADE,649.35,BONUS,"DOYLE, COLLEEN",2026-02-14,2026-02-14,2026-03-13,F3X,processed,1953140,https://docquery.fec.gov/cgi-bin/fecimg/?202603139837959097,C00914689,H4CO08034,,,2026-09-07T21:55:06+00:00,C00914689|H4CO08034|O|649|2026-02-14|BONUS
2026-02-14,disseminated,Gabe Evans,Oppose,Friendly,TRUST BRIGADE,1024.30,SALARY,"DOYLE, COLLEEN",2026-02-14,2026-02-14,2026-03-13,F3X,processed,1953140,https://docquery.fec.gov/cgi-bin/fecimg/?202603139837959097,C00914689,H4CO08034,,,2026-09-07T21:55:06+00:00,C00914689|H4CO08034|O|1024|2026-02-14|SALARY
2026-02-14,disseminated,Gabe Evans,Oppose,Friendly,TRUST BRIGADE,1586.10,ROOM RENTAL FOR CANVASSERS,"HOLMES, JARREK R.",2026-02-14,2026-02-14,2026-03-13,F3X,processed,1953140,https://docquery.fec.gov/cgi-bin/fecimg/?202603139837959101,C00914689,H4CO08034,,,2026-09-07T21:55:06+00:00,C00914689|H4CO08034|O|1586|2026-02-14|ROOMRENTALFORCANVASSERS
2026-02-14,disseminated,Gabe Evans,Oppose,Friendly,TRUST BRIGADE,1799.52,PAYROLL TAXES,PAYROLL TAXES,2026-02-14,2026-02-14,2026-03-13,F3X,processed,1953140,https://docquery.fec.gov/cgi-bin/fecimg/?202603139837959108,C00914689,H4CO08034,,,2026-09-07T21:55:06+00:00,C00914689|H4CO08034|O|1799|2026-02-14|PAYROLLTAXES
2026-02-14,disseminated,Gabe Evans,Oppose,Friendly,TRUST BRIGADE,2150.97,PAYROLL TAXES,PAYROLL TAXES,2026-02-06,2026-02-14,2026-03-13,F3X,processed,1953140,https://docquery.fec.gov/cgi-bin/fecimg/?202603139837959109,C00914689,H4CO08034,,,2026-09-07T21:55:06+00:00,C00914689|H4CO08034|O|2150|2026-02-14|PAYROLLTAXES
2026-02-14,disseminated,Gabe Evans,Oppose,Friendly,TRUST BRIGADE,2223.52,SALARY,"DOYLE, COLLEEN",2026-02-06,2026-02-14,2026-03-13,F3X,processed,1953140,https://docquery.fec.gov/cgi-bin/fecimg/?202603139837959099,C00914689,H4CO08034,,,2026-09-07T21:55:06+00:00,C00914689|H4CO08034|O|2223|2026-02-14|SALARY
2026-02-14,disseminated,Gabe Evans,Oppose,Friendly,TRUST BRIGADE,2349.93,SALARY,"HOLMES, JARREK R.",2026-02-06,2026-02-14,2026-03-13,F3X,processed,1953140,https://docquery.fec.gov/cgi-bin/fecimg/?202603139837959104,C00914689,H4CO08034,,,2026-09-07T21:55:06+00:00,C00914689|H4CO08034|O|2349|2026-02-14|SALARY
2026-02-14,disseminated,Gabe Evans,Oppose,Friendly,TRUST BRIGADE,2355.69,SALARY,"HOLMES, JARREK R.",2026-02-14,2026-02-14,2026-03-13,F3X,processed,1953140,https://docquery.fec.gov/cgi-bin/fecimg/?202603139837959101,C00914689,H4CO08034,,,2026-09-07T21:55:06+00:00,C00914689|H4CO08034|O|2355|2026-02-14|SALARY
2026-02-12,disseminated,Gabe Evans,Oppose,Friendly,LGBTQ CONNECTION PAC,1113.62,TRAVEL EXPENSES FOR CANVASSERS,"DE LA CRUZ, DARIUS",2026-02-12,2026-02-12,2026-04-15,F3X,processed,1964210,https://docquery.fec.gov/cgi-bin/fecimg/?202604159857528337,C00722884,H4CO08034,,,2026-09-07T21:55:06+00:00,C00722884|H4CO08034|O|1113|2026-02-12|TRAVELEXPENSESFORCANVASS
2026-02-12,disseminated,Gabe Evans,Oppose,Friendly,LGBTQ CONNECTION PAC,1654.08,PAYROLL TAXES,PAYROLL TAXES,2026-02-12,2026-02-12,2026-04-15,F3X,processed,1964210,https://docquery.fec.gov/cgi-bin/fecimg/?202604159857528339,C00722884,H4CO08034,,,2026-09-07T21:55:06+00:00,C00722884|H4CO08034|O|1654|2026-02-12|PAYROLLTAXES
2026-02-12,disseminated,Gabe Evans,Oppose,Friendly,LGBTQ CONNECTION PAC,3728.42,SALARY,"DICAMILLO, NATHAN",2026-02-12,2026-02-12,2026-04-15,F3X,processed,1964210,https://docquery.fec.gov/cgi-bin/fecimg/?202604159857528337,C00722884,H4CO08034,,,2026-09-07T21:55:06+00:00,C00722884|H4CO08034|O|3728|2026-02-12|SALARY
2026-01-10,disseminated,Gabe Evans,Oppose,Friendly,TRUST BRIGADE,18.60,TRAVEL EXPENSES FOR CANVASSER,"HOLMES, JARREK R.",2026-01-12,2026-01-10,2026-02-17,F3X,processed,1947057,https://docquery.fec.gov/cgi-bin/fecimg/?202602179834334347,C00914689,H4CO08034,,,2026-09-07T21:55:06+00:00,C00914689|H4CO08034|O|18|2026-01-10|TRAVELEXPENSESFORCANVASS
2026-01-10,disseminated,Gabe Evans,Oppose,Friendly,TRUST BRIGADE,19.45,TRAVEL EXPENSES FOR CANVASSER,"DOYLE, COLLEEN",2026-01-12,2026-01-10,2026-02-17,F3X,processed,1947057,https://docquery.fec.gov/cgi-bin/fecimg/?202602179834334341,C00914689,H4CO08034,,,2026-09-07T21:55:06+00:00,C00914689|H4CO08034|O|19|2026-01-10|TRAVELEXPENSESFORCANVASS
2026-01-10,disseminated,Gabe Evans,Oppose,Friendly,TRUST BRIGADE,19.95,SOFTWARE,"HOLMES, JARREK R.",2026-01-10,2026-01-10,2026-02-17,F3X,processed,1947057,https://docquery.fec.gov/cgi-bin/fecimg/?202602179834334344,C00914689,H4CO08034,,,2026-09-07T21:55:06+00:00,C00914689|H4CO08034|O|19|2026-01-10|SOFTWARE
2026-01-10,disseminated,Gabe Evans,Oppose,Friendly,TRUST BRIGADE,22.65,OFFICE SUPPLIES,"HOLMES, JARREK R.",2026-01-10,2026-01-10,2026-02-17,F3X,processed,1947057,https://docquery.fec.gov/cgi-bin/fecimg/?202602179834334344,C00914689,H4CO08034,,,2026-09-07T21:55:06+00:00,C00914689|H4CO08034|O|22|2026-01-10|OFFICESUPPLIES
2026-01-10,disseminated,Gabe Evans,Oppose,Friendly,TRUST BRIGADE,46.00,FOOD FOR CANVASSERS,"DOYLE, COLLEEN",2026-01-12,2026-01-10,2026-02-17,F3X,processed,1947057,https://docquery.fec.gov/cgi-bin/fecimg/?202602179834334340,C00914689,H4CO08034,,,2026-09-07T21:55:06+00:00,C00914689|H4CO08034|O|46|2026-01-10|FOODFORCANVASSERS
2026-01-10,disseminated,Gabe Evans,Oppose,Friendly,TRUST BRIGADE,46.02,BUSINESS TAX,"HOLMES, JARREK R.",2026-01-10,2026-01-10,2026-02-17,F3X,processed,1947057,https://docquery.fec.gov/cgi-bin/fecimg/?202602179834334343,C00914689,H4CO08034,,,2026-09-07T21:55:06+00:00,C00914689|H4CO08034|O|46|2026-01-10|BUSINESSTAX
2026-01-10,disseminated,Gabe Evans,Oppose,Friendly,TRUST BRIGADE,164.79,FOOD FOR CANVASSERS,"YOUNG, ELIZABETH",2026-01-12,2026-01-10,2026-02-17,F3X,processed,1947057,https://docquery.fec.gov/cgi-bin/fecimg/?202602179834334350,C00914689,H4CO08034,,,2026-09-07T21:55:06+00:00,C00914689|H4CO08034|O|164|2026-01-10|FOODFORCANVASSERS
2026-01-10,disseminated,Gabe Evans,Oppose,Friendly,TRUST BRIGADE,184.84,TRAVEL EXPENSES FOR CANVASSER,"HOLMES, JARREK R.",2026-01-10,2026-01-10,2026-02-17,F3X,processed,1947057,https://docquery.fec.gov/cgi-bin/fecimg/?202602179834334342,C00914689,H4CO08034,,,2026-09-07T21:55:06+00:00,C00914689|H4CO08034|O|184|2026-01-10|TRAVELEXPENSESFORCANVASS
2026-01-10,disseminated,Gabe Evans,Oppose,Friendly,TRUST BRIGADE,187.22,PAYROLL TAXES,PAYROLL TAXES,2026-01-10,2026-01-10,2026-02-17,F3X,processed,1947057,https://docquery.fec.gov/cgi-bin/fecimg/?202602179834334348,C00914689,H4CO08034,,,2026-09-07T21:55:06+00:00,C00914689|H4CO08034|O|187|2026-01-10|PAYROLLTAXES
2026-01-10,disseminated,Gabe Evans,Oppose,Friendly,TRUST BRIGADE,191.15,SOFTWARE,"HOLMES, JARREK R.",2026-01-12,2026-01-10,2026-02-17,F3X,processed,1947057,https://docquery.fec.gov/cgi-bin/fecimg/?202602179834334346,C00914689,H4CO08034,,,2026-09-07T21:55:06+00:00,C00914689|H4CO08034|O|191|2026-01-10|SOFTWARE
2026-01-10,disseminated,Gabe Evans,Oppose,Friendly,TRUST BRIGADE,371.53,PAYROLL TAXES,PAYROLL TAXES,2026-01-10,2026-01-10,2026-02-17,F3X,processed,1947057,https://docquery.fec.gov/cgi-bin/fecimg/?202602179834334348,C00914689,H4CO08034,,,2026-09-07T21:55:06+00:00,C00914689|H4CO08034|O|371|2026-01-10|PAYROLLTAXES
2026-01-10,disseminated,Gabe Evans,Oppose,Friendly,TRUST BRIGADE,376.49,PAYROLL TAXES,PAYROLL TAXES,2026-01-09,2026-01-10,2026-02-17,F3X,processed,1947057,https://docquery.fec.gov/cgi-bin/fecimg/?202602179834334349,C00914689,H4CO08034,,,2026-09-07T21:55:06+00:00,C00914689|H4CO08034|O|376|2026-01-10|PAYROLLTAXES
2026-01-10,disseminated,Gabe Evans,Oppose,Friendly,TRUST BRIGADE,388.76,SALARY,"HOLMES, JARREK R.",2026-01-10,2026-01-10,2026-02-17,F3X,processed,1947057,https://docquery.fec.gov/cgi-bin/fecimg/?202602179834334342,C00914689,H4CO08034,,,2026-09-07T21:55:06+00:00,C00914689|H4CO08034|O|388|2026-01-10|SALARY
2026-01-10,disseminated,Gabe Evans,Oppose,Friendly,TRUST BRIGADE,478.89,OFFICE SUPPLIES,"HOLMES, JARREK R.",2026-01-12,2026-01-10,2026-02-17,F3X,processed,1947057,https://docquery.fec.gov/cgi-bin/fecimg/?202602179834334346,C00914689,H4CO08034,,,2026-09-07T21:55:06+00:00,C00914689|H4CO08034|O|478|2026-01-10|OFFICESUPPLIES
2026-01-10,disseminated,Gabe Evans,Oppose,Friendly,TRUST BRIGADE,522.00,PAYROLL TAXES,PAYROLL TAXES,2026-01-23,2026-01-10,2026-02-17,F3X,processed,1947057,https://docquery.fec.gov/cgi-bin/fecimg/?202602179834334347,C00914689,H4CO08034,,,2026-09-07T21:55:06+00:00,C00914689|H4CO08034|O|522|2026-01-10|PAYROLLTAXES
2026-01-10,disseminated,Gabe Evans,Oppose,Friendly,TRUST BRIGADE,779.44,SALARY,"HOLMES, JARREK R.",2026-01-10,2026-01-10,2026-02-17,F3X,processed,1947057,https://docquery.fec.gov/cgi-bin/fecimg/?202602179834334343,C00914689,H4CO08034,,,2026-09-07T21:55:06+00:00,C00914689|H4CO08034|O|779|2026-01-10|SALARY
2026-01-10,disseminated,Gabe Evans,Oppose,Friendly,TRUST BRIGADE,783.31,SALARY,"HOLMES, JARREK R.",2026-01-09,2026-01-10,2026-02-17,F3X,processed,1947057,https://docquery.fec.gov/cgi-bin/fecimg/?202602179834334345,C00914689,H4CO08034,,,2026-09-07T21:55:06+00:00,C00914689|H4CO08034|O|783|2026-01-10|SALARY
2026-01-10,disseminated,Gabe Evans,Oppose,Friendly,TRUST BRIGADE,986.29,"TRAVEL EXPENSES, SOFTWARE AND MEETING COST FOR CANVASSING","HOLMES, JARREK R.",2026-01-10,2026-01-10,2026-02-17,F3X,processed,1947057,https://docquery.fec.gov/cgi-bin/fecimg/?202602179834334341,C00914689,H4CO08034,,,2026-09-07T21:55:06+00:00,C00914689|H4CO08034|O|986|2026-01-10|TRAVELEXPENSESSOFTWAREAN
2026-01-10,disseminated,Gabe Evans,Oppose,Friendly,TRUST BRIGADE,1024.30,SALARY,"DOYLE, COLLEEN",2026-01-23,2026-01-10,2026-02-17,F3X,processed,1947057,https://docquery.fec.gov/cgi-bin/fecimg/?202602179834334340,C00914689,H4CO08034,,,2026-09-07T21:55:06+00:00,C00914689|H4CO08034|O|1024|2026-01-10|SALARY
2025-12-23,disseminated,Gabe Evans,Oppose,Friendly,INDIGO PAC,40.22,DIGITAL ADVERTISING,"META PLATFORMS, INC.",2025-12-23,2025-12-23,2026-01-26,F3X,processed,1935443,https://docquery.fec.gov/cgi-bin/fecimg/?202601269794174519,C00909465,H4CO08034,,,2026-09-07T21:55:06+00:00,C00909465|H4CO08034|O|40|2025-12-23|DIGITALADVERTISING
2025-12-01,disseminated,Gabe Evans,Oppose,Friendly,INDIGO PAC,112.32,DIGITAL ADVERTISING,"META PLATFORMS, INC.",2025-12-01,2025-12-01,2026-01-26,F3X,processed,1935443,https://docquery.fec.gov/cgi-bin/fecimg/?202601269794174518,C00909465,H4CO08034,,,2026-09-07T21:55:06+00:00,C00909465|H4CO08034|O|112|2025-12-01|DIGITALADVERTISING
2025-11-22,disseminated,Gabe Evans,Oppose,Friendly,TRUST BRIGADE,2.57,SOFTWARE,SENDGRID INC.,2025-11-22,2025-11-22,2026-01-19,F3X,processed,1933651,https://docquery.fec.gov/cgi-bin/fecimg/?202601199794044889,C00914689,H4CO08034,,,2026-09-07T21:55:06+00:00,C00914689|H4CO08034|O|2|2025-11-22|SOFTWARE
2025-11-22,disseminated,Gabe Evans,Oppose,Friendly,TRUST BRIGADE,12.50,MEETING COST,ANYTHINK WRIGHT FARMS,2025-11-22,2025-11-22,2026-01-19,F3X,processed,1933651,https://docquery.fec.gov/cgi-bin/fecimg/?202601199794044872,C00914689,H4CO08034,,,2026-09-07T21:55:06+00:00,C00914689|H4CO08034|O|12|2025-11-22|MEETINGCOST
2025-11-22,disseminated,Gabe Evans,Oppose,Friendly,TRUST BRIGADE,16.05,PHOTOS FOR CANVASSING EVENT,MIKE'S CAMERA STORE,2025-11-22,2025-11-22,2026-01-19,F3X,processed,1933651,https://docquery.fec.gov/cgi-bin/fecimg/?202601199794044885,C00914689,H4CO08034,,,2026-09-07T21:55:06+00:00,C00914689|H4CO08034|O|16|2025-11-22|PHOTOSFORCANVASSINGEVENT
2025-11-22,disseminated,Gabe Evans,Oppose,Friendly,TRUST BRIGADE,19.95,SOFTWARE,SENDGRID INC.,2025-11-05,2025-11-22,2026-01-19,F3X,processed,1933651,https://docquery.fec.gov/cgi-bin/fecimg/?202601199794044890,C00914689,H4CO08034,,,2026-09-07T21:55:06+00:00,C00914689|H4CO08034|O|19|2025-11-22|SOFTWARE
2025-11-22,disseminated,Gabe Evans,Oppose,Friendly,TRUST BRIGADE,21.01,OFFICE SUPPLIES,"AMAZON.COM, INC.",2025-11-22,2025-11-22,2026-01-19,F3X,processed,1933651,https://docquery.fec.gov/cgi-bin/fecimg/?202601199794044870,C00914689,H4CO08034,,,2026-09-07T21:55:06+00:00,C00914689|H4CO08034|O|21|2025-11-22|OFFICESUPPLIES
2025-11-22,disseminated,Gabe Evans,Oppose,Friendly,TRUST BRIGADE,21.25,SOFTWARE,"GMASS, INC.",2025-11-22,2025-11-22,2026-01-19,F3X,processed,1933651,https://docquery.fec.gov/cgi-bin/fecimg/?202601199794044878,C00914689,H4CO08034,,,2026-09-07T21:55:06+00:00,C00914689|H4CO08034|O|21|2025-11-22|SOFTWARE
2025-11-22,disseminated,Gabe Evans,Oppose,Friendly,TRUST BRIGADE,24.85,SOFTWARE,GOOGLE,2025-11-22,2025-11-22,2026-01-19,F3X,processed,1933651,https://docquery.fec.gov/cgi-bin/fecimg/?202601199794044879,C00914689,H4CO08034,,,2026-09-07T21:55:06+00:00,C00914689|H4CO08034|O|24|2025-11-22|SOFTWARE
2025-11-22,disseminated,Gabe Evans,Oppose,Friendly,TRUST BRIGADE,25.00,MEETING COST,ANYTHINK WRIGHT FARMS,2025-11-22,2025-11-22,2026-01-19,F3X,processed,1933651,https://docquery.fec.gov/cgi-bin/fecimg/?202601199794044871,C00914689,H4CO08034,,,2026-09-07T21:55:06+00:00,C00914689|H4CO08034|O|25|2025-11-22|MEETINGCOST
2025-11-22,disseminated,Gabe Evans,Oppose,Friendly,TRUST BRIGADE,25.88,RENT,PEERSPACE INC,2025-11-22,2025-11-22,2026-01-19,F3X,processed,1933651,https://docquery.fec.gov/cgi-bin/fecimg/?202601199794044888,C00914689,H4CO08034,,,2026-09-07T21:55:06+00:00,C00914689|H4CO08034|O|25|2025-11-22|RENT
2025-11-22,disseminated,Gabe Evans,Oppose,Friendly,TRUST BRIGADE,25.97,TRAVEL INSURANCE,ALLIANZ GLOBAL ASSISTANCE,2025-11-22,2025-11-22,2026-01-19,F3X,processed,1933651,https://docquery.fec.gov/cgi-bin/fecimg/?202601199794044869,C00914689,H4CO08034,,,2026-09-07T21:55:06+00:00,C00914689|H4CO08034|O|25|2025-11-22|TRAVELINSURANCE
2025-11-22,disseminated,Gabe Evans,Oppose,Friendly,TRUST BRIGADE,29.13,SOFTWARE,GOOGLE,2025-11-03,2025-11-22,2026-01-19,F3X,processed,1933651,https://docquery.fec.gov/cgi-bin/fecimg/?202601199794044881,C00914689,H4CO08034,,,2026-09-07T21:55:06+00:00,C00914689|H4CO08034|O|29|2025-11-22|SOFTWARE
2025-11-22,disseminated,Gabe Evans,Oppose,Friendly,TRUST BRIGADE,32.00,WEBSITE,CARRD.CO,2025-11-22,2025-11-22,2026-01-19,F3X,processed,1933651,https://docquery.fec.gov/cgi-bin/fecimg/?202601199794044873,C00914689,H4CO08034,,,2026-09-07T21:55:06+00:00,C00914689|H4CO08034|O|32|2025-11-22|WEBSITE
2025-11-22,disseminated,Gabe Evans,Oppose,Friendly,TRUST BRIGADE,39.00,POSTAGE,UNITED STATES POSTAL SERVICE (USPS),2025-11-22,2025-11-22,2026-01-19,F3X,processed,1933651,https://docquery.fec.gov/cgi-bin/fecimg/?202601199794044894,C00914689,H4CO08034,,,2026-09-07T21:55:06+00:00,C00914689|H4CO08034|O|39|2025-11-22|POSTAGE
2025-11-22,disseminated,Gabe Evans,Oppose,Friendly,TRUST BRIGADE,61.55,OFFICE SUPPLIES,STAPLES INC.,2025-11-22,2025-11-22,2026-01-19,F3X,processed,1933651,https://docquery.fec.gov/cgi-bin/fecimg/?202601199794044892,C00914689,H4CO08034,,,2026-09-07T21:55:06+00:00,C00914689|H4CO08034|O|61|2025-11-22|OFFICESUPPLIES
2025-11-22,disseminated,Gabe Evans,Oppose,Friendly,TRUST BRIGADE,62.04,OFFICE SUPPLIES,"AMAZON.COM, INC.",2025-11-22,2025-11-22,2026-01-19,F3X,processed,1933651,https://docquery.fec.gov/cgi-bin/fecimg/?202601199794044870,C00914689,H4CO08034,,,2026-09-07T21:55:06+00:00,C00914689|H4CO08034|O|62|2025-11-22|OFFICESUPPLIES
2025-11-22,disseminated,Gabe Evans,Oppose,Friendly,TRUST BRIGADE,75.64,SOFTWARE,GOOGLE,2025-11-22,2025-11-22,2026-01-19,F3X,processed,1933651,https://docquery.fec.gov/cgi-bin/fecimg/?202601199794044880,C00914689,H4CO08034,,,2026-09-07T21:55:06+00:00,C00914689|H4CO08034|O|75|2025-11-22|SOFTWARE
2025-11-22,disseminated,Gabe Evans,Oppose,Friendly,TRUST BRIGADE,87.06,FOOD FOR CANVASSERS,"HOLMES, JARREK R.",2025-12-01,2025-11-22,2026-01-19,F3X,processed,1933654,https://docquery.fec.gov/cgi-bin/fecimg/?202601199794045450,C00914689,H4CO08034,,,2026-09-07T21:55:06+00:00,C00914689|H4CO08034|O|87|2025-11-22|FOODFORCANVASSERS
2025-11-22,disseminated,Gabe Evans,Oppose,Friendly,TRUST BRIGADE,94.39,CATERING FOR CANVASSERS,"EZCATER, INC.",2025-11-22,2025-11-22,2026-01-19,F3X,processed,1933651,https://docquery.fec.gov/cgi-bin/fecimg/?202601199794044876,C00914689,H4CO08034,,,2026-09-07T21:55:06+00:00,C00914689|H4CO08034|O|94|2025-11-22|CATERINGFORCANVASSERS
2025-11-22,disseminated,Gabe Evans,Oppose,Friendly,TRUST BRIGADE,102.23,OFFICE SUPPLIES,STAPLES INC.,2025-11-22,2025-11-22,2026-01-19,F3X,processed,1933651,https://docquery.fec.gov/cgi-bin/fecimg/?202601199794044891,C00914689,H4CO08034,,,2026-09-07T21:55:06+00:00,C00914689|H4CO08034|O|102|2025-11-22|OFFICESUPPLIES
2025-11-22,disseminated,Gabe Evans,Oppose,Friendly,TRUST BRIGADE,109.59,TRAVEL EXPENSES FOR CANVASSERS,"AIRBNB, INC.",2025-11-22,2025-11-22,2026-01-19,F3X,processed,1933651,https://docquery.fec.gov/cgi-bin/fecimg/?202601199794044869,C00914689,H4CO08034,,,2026-09-07T21:55:06+00:00,C00914689|H4CO08034|O|109|2025-11-22|TRAVELEXPENSESFORCANVASS
2025-11-22,disseminated,Gabe Evans,Oppose,Friendly,TRUST BRIGADE,115.03,SOFTWARE,ECANVASSER,2025-11-22,2025-11-22,2026-01-19,F3X,processed,1933651,https://docquery.fec.gov/cgi-bin/fecimg/?202601199794044875,C00914689,H4CO08034,,,2026-09-07T21:55:06+00:00,C00914689|H4CO08034|O|115|2025-11-22|SOFTWARE
2025-11-22,disseminated,Gabe Evans,Oppose,Friendly,TRUST BRIGADE,120.75,RENT,PEERSPACE INC,2025-11-22,2025-11-22,2026-01-19,F3X,processed,1933651,https://docquery.fec.gov/cgi-bin/fecimg/?202601199794044888,C00914689,H4CO08034,,,2026-09-07T21:55:06+00:00,C00914689|H4CO08034|O|120|2025-11-22|RENT
2025-11-22,disseminated,Gabe Evans,Oppose,Friendly,TRUST BRIGADE,122.66,FOOD FOR CANVASSERS,"YOUNG, ELIZABETH",2025-11-21,2025-11-22,2026-01-19,F3X,processed,1933651,https://docquery.fec.gov/cgi-bin/fecimg/?202601199794044895,C00914689,H4CO08034,,,2026-09-07T21:55:06+00:00,C00914689|H4CO08034|O|122|2025-11-22|FOODFORCANVASSERS
2025-11-22,disseminated,Gabe Evans,Oppose,Friendly,TRUST BRIGADE,137.50,MEETING COST,ANYTHINK WRIGHT FARMS,2025-11-22,2025-11-22,2026-01-19,F3X,processed,1933651,https://docquery.fec.gov/cgi-bin/fecimg/?202601199794044872,C00914689,H4CO08034,,,2026-09-07T21:55:06+00:00,C00914689|H4CO08034|O|137|2025-11-22|MEETINGCOST
2025-11-22,disseminated,Gabe Evans,Oppose,Friendly,TRUST BRIGADE,174.39,OFFICE SUPPLIES,STAPLES INC.,2025-11-22,2025-11-22,2026-01-19,F3X,processed,1933651,https://docquery.fec.gov/cgi-bin/fecimg/?202601199794044892,C00914689,H4CO08034,,,2026-09-07T21:55:06+00:00,C00914689|H4CO08034|O|174|2025-11-22|OFFICESUPPLIES
2025-11-22,disseminated,Gabe Evans,Oppose,Friendly,TRUST BRIGADE,182.88,SOFTWARE,"GMASS, INC.",2025-11-22,2025-11-22,2026-01-19,F3X,processed,1933651,https://docquery.fec.gov/cgi-bin/fecimg/?202601199794044879,C00914689,H4CO08034,,,2026-09-07T21:55:06+00:00,C00914689|H4CO08034|O|182|2025-11-22|SOFTWARE
2025-11-22,disseminated,Gabe Evans,Oppose,Friendly,TRUST BRIGADE,188.91,PAYROLL TAXES,PAYROLL TAXES,2025-11-28,2025-11-22,2026-01-19,F3X,processed,1933651,https://docquery.fec.gov/cgi-bin/fecimg/?202601199794044887,C00914689,H4CO08034,,,2026-09-07T21:55:06+00:00,C00914689|H4CO08034|O|188|2025-11-22|PAYROLLTAXES
2025-11-22,disseminated,Gabe Evans,Oppose,Friendly,TRUST BRIGADE,190.55,CATERING FOR CANVASSERS,"EZCATER, INC.",2025-11-22,2025-11-22,2026-01-19,F3X,processed,1933651,https://docquery.fec.gov/cgi-bin/fecimg/?202601199794044875,C00914689,H4CO08034,,,2026-09-07T21:55:06+00:00,C00914689|H4CO08034|O|190|2025-11-22|CATERINGFORCANVASSERS
2025-11-22,disseminated,Gabe Evans,Oppose,Friendly,TRUST BRIGADE,226.55,CATERING FOR CANVASSERS,"EZCATER, INC.",2025-11-22,2025-11-22,2026-01-19,F3X,processed,1933651,https://docquery.fec.gov/cgi-bin/fecimg/?202601199794044877,C00914689,H4CO08034,,,2026-09-07T21:55:06+00:00,C00914689|H4CO08034|O|226|2025-11-22|CATERINGFORCANVASSERS
2025-11-22,disseminated,Gabe Evans,Oppose,Friendly,TRUST BRIGADE,235.94,LITERATURE,CORAZON PRINTING,2025-11-22,2025-11-22,2026-01-19,F3X,processed,1933651,https://docquery.fec.gov/cgi-bin/fecimg/?202601199794044873,C00914689,H4CO08034,,,2026-09-07T21:55:06+00:00,C00914689|H4CO08034|O|235|2025-11-22|LITERATURE
2025-11-22,disseminated,Gabe Evans,Oppose,Friendly,TRUST BRIGADE,236.96,TRAVEL EXPENSES FOR CANVASSERS,"AMERICAN AIRLINES, INC.",2025-11-22,2025-11-22,2026-01-19,F3X,processed,1933651,https://docquery.fec.gov/cgi-bin/fecimg/?202601199794044871,C00914689,H4CO08034,,,2026-09-07T21:55:06+00:00,C00914689|H4CO08034|O|236|2025-11-22|TRAVELEXPENSESFORCANVASS
2025-11-22,disseminated,Gabe Evans,Oppose,Friendly,TRUST BRIGADE,258.89,LITERATURE,CORAZON PRINTING,2025-11-22,2025-11-22,2026-01-19,F3X,processed,1933651,https://docquery.fec.gov/cgi-bin/fecimg/?202601199794044874,C00914689,H4CO08034,,,2026-09-07T21:55:06+00:00,C00914689|H4CO08034|O|258|2025-11-22|LITERATURE
2025-11-22,disseminated,Gabe Evans,Oppose,Friendly,TRUST BRIGADE,273.61,CATERING FOR CANVASSERS,"EZCATER, INC.",2025-11-22,2025-11-22,2026-01-19,F3X,processed,1933651,https://docquery.fec.gov/cgi-bin/fecimg/?202601199794044876,C00914689,H4CO08034,,,2026-09-07T21:55:06+00:00,C00914689|H4CO08034|O|273|2025-11-22|CATERINGFORCANVASSERS
2025-11-22,disseminated,Gabe Evans,Oppose,Friendly,TRUST BRIGADE,315.99,BRAND AND LOGO DESIGN,FIVERR INTERNATIONAL LTD.,2025-11-22,2025-11-22,2026-01-19,F3X,processed,1933651,https://docquery.fec.gov/cgi-bin/fecimg/?202601199794044877,C00914689,H4CO08034,,,2026-09-07T21:55:06+00:00,C00914689|H4CO08034|O|315|2025-11-22|BRANDANDLOGODESIGN
2025-11-22,disseminated,Gabe Evans,Oppose,Friendly,TRUST BRIGADE,324.00,WEBSITE,WIX.COM LTD.,2025-11-22,2025-11-22,2026-01-19,F3X,processed,1933651,https://docquery.fec.gov/cgi-bin/fecimg/?202601199794044894,C00914689,H4CO08034,,,2026-09-07T21:55:06+00:00,C00914689|H4CO08034|O|324|2025-11-22|WEBSITE
2025-11-22,disseminated,Gabe Evans,Oppose,Friendly,TRUST BRIGADE,371.54,PAYROLL TAXES,PAYROLL TAXES,2025-11-14,2025-11-22,2026-01-19,F3X,processed,1933651,https://docquery.fec.gov/cgi-bin/fecimg/?202601199794044887,C00914689,H4CO08034,,,2026-09-07T21:55:06+00:00,C00914689|H4CO08034|O|371|2025-11-22|PAYROLLTAXES
2025-11-22,disseminated,Gabe Evans,Oppose,Friendly,TRUST BRIGADE,377.69,PAYROLL TAXES,PAYROLL TAXES,2025-11-22,2025-11-22,2026-01-19,F3X,processed,1933651,https://docquery.fec.gov/cgi-bin/fecimg/?202601199794044886,C00914689,H4CO08034,,,2026-09-07T21:55:06+00:00,C00914689|H4CO08034|O|377|2025-11-22|PAYROLLTAXES
2025-11-22,disseminated,Gabe Evans,Oppose,Friendly,TRUST BRIGADE,382.28,PAYROLL TAXES,PAYROLL TAXES,2025-11-22,2025-11-22,2026-01-19,F3X,processed,1933651,https://docquery.fec.gov/cgi-bin/fecimg/?202601199794044885,C00914689,H4CO08034,,,2026-09-07T21:55:06+00:00,C00914689|H4CO08034|O|382|2025-11-22|PAYROLLTAXES
2025-11-22,disseminated,Gabe Evans,Oppose,Friendly,TRUST BRIGADE,384.72,OFFICE SUPPLIES,STAPLES INC.,2025-11-22,2025-11-22,2026-01-19,F3X,processed,1933651,https://docquery.fec.gov/cgi-bin/fecimg/?202601199794044893,C00914689,H4CO08034,,,2026-09-07T21:55:06+00:00,C00914689|H4CO08034|O|384|2025-11-22|OFFICESUPPLIES
2025-11-22,disseminated,Gabe Evans,Oppose,Friendly,TRUST BRIGADE,388.76,SALARY,"HOLMES, JARREK R.",2025-11-28,2025-11-22,2026-01-19,F3X,processed,1933651,https://docquery.fec.gov/cgi-bin/fecimg/?202601199794044884,C00914689,H4CO08034,,,2026-09-07T21:55:06+00:00,C00914689|H4CO08034|O|388|2025-11-22|SALARY
2025-11-22,disseminated,Gabe Evans,Oppose,Friendly,TRUST BRIGADE,399.60,ROOM RENTAL FOR CANVASSERS,EAGLE POINTE RECREATION CENTER,2025-11-22,2025-11-22,2026-01-19,F3X,processed,1933651,https://docquery.fec.gov/cgi-bin/fecimg/?202601199794044874,C00914689,H4CO08034,,,2026-09-07T21:55:06+00:00,C00914689|H4CO08034|O|399|2025-11-22|ROOMRENTALFORCANVASSERS
2025-11-22,disseminated,Gabe Evans,Oppose,Friendly,TRUST BRIGADE,777.52,SALARY,"HOLMES, JARREK R.",2025-11-22,2025-11-22,2026-01-19,F3X,processed,1933651,https://docquery.fec.gov/cgi-bin/fecimg/?202601199794044882,C00914689,H4CO08034,,,2026-09-07T21:55:06+00:00,C00914689|H4CO08034|O|777|2025-11-22|SALARY
2025-11-22,disseminated,Gabe Evans,Oppose,Friendly,TRUST BRIGADE,779.44,SALARY,"HOLMES, JARREK R.",2025-11-14,2025-11-22,2026-01-19,F3X,processed,1933651,https://docquery.fec.gov/cgi-bin/fecimg/?202601199794044883,C00914689,H4CO08034,,,2026-09-07T21:55:06+00:00,C00914689|H4CO08034|O|779|2025-11-22|SALARY
2025-11-22,disseminated,Gabe Evans,Oppose,Friendly,TRUST BRIGADE,1000.00,SOFTWARE,THE MOVEMENT COOPERATIVE,2025-11-22,2025-11-22,2026-01-19,F3X,processed,1933651,https://docquery.fec.gov/cgi-bin/fecimg/?202601199794044893,C00914689,H4CO08034,,,2026-09-07T21:55:06+00:00,C00914689|H4CO08034|O|1000|2025-11-22|SOFTWARE
2025-11-22,disseminated,Gabe Evans,Oppose,Friendly,TRUST BRIGADE,1176.40,OFFICE SUPPLIES,STAPLES INC.,2025-11-22,2025-11-22,2026-01-19,F3X,processed,1933651,https://docquery.fec.gov/cgi-bin/fecimg/?202601199794044891,C00914689,H4CO08034,,,2026-09-07T21:55:06+00:00,C00914689|H4CO08034|O|1176|2025-11-22|OFFICESUPPLIES
2025-11-22,disseminated,Gabe Evans,Oppose,Friendly,TRUST BRIGADE,1846.25,WEBSITE,FIVERR INTERNATIONAL LTD.,2025-11-22,2025-11-22,2026-01-19,F3X,processed,1933651,https://docquery.fec.gov/cgi-bin/fecimg/?202601199794044878,C00914689,H4CO08034,,,2026-09-07T21:55:06+00:00,C00914689|H4CO08034|O|1846|2025-11-22|WEBSITE
2025-11-22,disseminated,Gabe Evans,Oppose,Friendly,TRUST BRIGADE,2500.00,VOTER FILE,"L2, INC.",2025-11-22,2025-11-22,2026-01-19,F3X,processed,1933651,https://docquery.fec.gov/cgi-bin/fecimg/?202601199794044884,C00914689,H4CO08034,,,2026-09-07T21:55:06+00:00,C00914689|H4CO08034|O|2500|2025-11-22|VOTERFILE
2025-11-19,disseminated,Gabe Evans,Oppose,Friendly,INDIGO PAC,690.05,DIGITAL ADVERTISING,"META PLATFORMS, INC.",2025-11-19,2025-11-19,2026-01-26,F3X,processed,1935443,https://docquery.fec.gov/cgi-bin/fecimg/?202601269794174516,C00909465,H4CO08034,,,2026-09-07T21:55:06+00:00,C00909465|H4CO08034|O|690|2025-11-19|DIGITALADVERTISING
2025-10-30,disseminated,Gabe Evans,Oppose,Friendly,INDIGO PAC,15.45,DIGITAL ADVERTISING,"META PLATFORMS, INC.",2025-10-30,2025-10-30,2026-01-26,F3X,processed,1935443,https://docquery.fec.gov/cgi-bin/fecimg/?202601269794174513,C00909465,H4CO08034,,,2026-09-07T21:55:06+00:00,C00909465|H4CO08034|O|15|2025-10-30|DIGITALADVERTISING
2025-09-19,disseminated,Gabe Evans,Support,Unfriendly,SPECIAL OPERATIONS FOR AMERICA,21000.00,DIGITAL ADVERTISING,DRAGONFLY CONSULTING,2025-09-18,2025-09-19,2025-10-20,F3X,processed,1922523,https://docquery.fec.gov/cgi-bin/fecimg/?202510209791681258,C00523241,H4CO08034,,,2026-09-07T21:55:06+00:00,C00523241|H4CO08034|S|21000|2025-09-19|DIGITALADVERTISING
2025-09-15,disseminated,Gabe Evans,Support,Unfriendly,SPECIAL OPERATIONS FOR AMERICA,35000.00,DIGITAL ADVERTISING,DRAGONFLY CONSULTING,2025-09-11,2025-09-15,2025-10-20,F3X,processed,1922523,https://docquery.fec.gov/cgi-bin/fecimg/?202510209791681258,C00523241,H4CO08034,,,2026-09-07T21:55:06+00:00,C00523241|H4CO08034|S|35000|2025-09-15|DIGITALADVERTISING
2025-08-27,disseminated,Gabe Evans,Support,Unfriendly,HONORING AMERICAN LAW ENFORCEMENT PAC,12000.00,TEXT MESSAGING CAMPAIGN,THE BOWLINE GROUP LLC,2025-08-27,2025-08-27,2026-01-28,F3X,processed,1936902,https://docquery.fec.gov/cgi-bin/fecimg/?202601289794286460,C00710178,H4CO08034,,,2026-09-07T21:55:06+00:00,C00710178|H4CO08034|S|12000|2025-08-27|TEXTMESSAGINGCAMPAIGN
2025-08-27,disseminated,Gabe Evans,Support,Unfriendly,LAW ENFORCEMENT FOR A SAFER AMERICA PAC,40000.00,DIGITAL VIDEO ADVERTISEMENTS,THE BOWLINE GROUP LLC,2025-08-27,2025-08-27,2026-01-28,F3X,processed,1936885,https://docquery.fec.gov/cgi-bin/fecimg/?202601289794285242,C00681825,H4CO08034,,,2026-09-07T21:55:06+00:00,C00681825|H4CO08034|S|40000|2025-08-27|DIGITALVIDEOADVERTISEMEN
2025-05-16,disseminated,Gabe Evans,Oppose,Friendly,YOUTH SAVE DEMOCRACY PAC,4749.00,PRINTING AND POSTAGE,"CIVITECH, PBC",2025-04-14,2025-05-16,2025-05-23,F24,processed,1893907,https://docquery.fec.gov/cgi-bin/fecimg/?202505239761720265,C00832493,H4CO08034,,,2026-09-07T21:55:06+00:00,C00832493|H4CO08034|O|4749|2025-05-16|PRINTINGANDPOSTAGE
